Symbol,CompanyA,Agilent TechnologiesAA,Alcoa IncAACC,Asset Accep Cap CorpAAI,Airtran Hldgs IncAAII,Alabama Aircraft Ind InAAME,Atlantic Amern CorpAAN,Aaron Rents IncAAON,Aaon IncAAP,Advanced Auto PartsAAPL,Apple Computer IncAATI,Advanced Analogic TeAAWW,Atlas Air WorldwideAB,Alliancebernstein HoABAT,Advanced Battery TecABAX,Abaxis IncABBC,Abington Bancorp IncABC,Amerisourcebergen CoABCB,Ameris BancorpABCO,Advisory Brd CoABCW,Anchor Bancorp Wis IABD,Acco Brands CorpABDS,Allegro Biodiesel CoABFS,Arkansas Best CorpABG,Asbury Automotive GrABH.Z,Abitibibowater IncABII,Abraxis Bioscience IncABIO,Arca Biopharma IncABK,Ambac Finl Group IncABL,American Biltrite InABM,Abm Inds IncABMC,Amer Bio Medica CorpABMD,Abiomed IncABR,Arbor Rlty Tr IncABT,Abbott LabsABTL,Autobytel Com IncABVA,Alliance BanksharesACAD,Acadia PharmaceuticaACAP,American PhysiciansACAT,Arctic Cat IncACC,American Campus CmntACCL,Accelrys IncACET,Aceto Chem IncACF,Americredit CorpACFC,Atlantic Coast Fed CACFN,Acorn Factor IncACGL,Arch Cap Group LtdACHN,Achillion PharmaceutACI,Arch Coal IncACIW,Aci Worldwide IncACLI,American Commercial LinACLS,Axcelis TechnologiesACM,Aecom Technology Corp DACMR,A C Moore Arts & CraACO,Amcol Intl CorpACOR,Acorda TherapeuticsACPW,Active Power IncACS.Z,Affiliated ComputerACTG,Acacia Resh CorpACTI,Actividentity CorpACTL,Actel CorpACTU,Actuate Software CorACU,Acme Utd CorpACUR,Acura Pharmaceuticals IACV,Alberto Culver Co NeACXM,Acxiom CorpACY,Aerocentury CorpADAM,A D A M IncADAT,Authentidate Hldg CoADBE,Adobe Sys IncADC,Agree Realty CorpADCT,A D C TelecommunicatADEP,Adept Technology IncADES,Ada Es IncADG,Allied Defense GroupADGF,Adams Golf IncADI,Analog Devices IncADK,Adcare Health SystemADLR,Adolor CorpADLS,Advanced Life SciencADM,Archer Daniels MidlaADMP,Adamis PharmaceuticalsADP,Automatic Data ProceADPI,American Dental PartADPT,Adaptec IncADS,Alliance Data SystemADSK,Autodesk IncADTN,Adtran IncADUS,Addus Homecare CorpADVN.B,Advanta CorpADVS,Advent Software IncAE,Adams Res & Energy IAEA,Advance Amer Cash AdAEC,Associated Estates RAEE,Ameren CorpAEHR,Aehr Test SystemsAEIS,Advanced Energy IndsAEL,American Eqty Invt LAEN,Adeona PharmaceuticalsAEO,American Eagle OutfiAEP,American Elec Pwr InAEPI,Aep Inds IncAERG,Applied Energetics IncAERO,Aero Grow Intl IncAERT,Advanced Environ RecAES,Aes CorpAET,Aetna IncAETI,American Elect Tech IncAEY,Addvantage Media GroAEZ,American Oil & Gas IAF,Astoria Finl CorpAFAM,Almost Family IncAFCE,Afc Enterprises IncAFFM,Affirmative Ins HldgAFFX,Affymetrix IncAFFY,Affymax IncAFG,American Finl GroupAFL,Aflac IncAFOP,Alliance Fiber OpticAFP,United Cap CorpAFSI,Amtrust Financial SeAGAM,Aga Med Hldgs IncAGCO,Agco CorpAGEN,Antigenics Inc DelAGII,Argo Group Intl Hldgs LAGL,Agl Res IncAGM,Federal Agric Mtg CoAGN,Allergan IncAGNC,American Capital AgencyAGO,Assured Guaranty LtdAGP,Amerigroup CorpAGX,Argan IncAGYS,Agilysys IncAHC,A H Belo CorpAHCI,Allied Healthcare InAHD,Atlas Pipeline HoldiAHGP,Alliance Holdings GpAHII,Animal Health Intl IAHL,Aspen Insurance HoldAHPI,Allied Healthcare PrAHR,Anthracite Cap IncAHS,Amn Healthcare ServiAHT,Ashford HospitalityAI,Arlington Asset Invt CoAIG,American Intl Group IncAIM,Aerosonic Corp DelAIMC,Altra Holdings IncAIN,Albany Intl CorpAIPC,American Italian PasAIQ,Alliance Imaging IncAIR,Aar CorpAIRM,Air Methods CorpAIRN,Airspan Networks IncAIRT,Air T IncAIRV,Airvana IncAIS,Antares Pharma IncAIT,Applied Indl TechnolAIV,Apartment Invt & MgmAIZ,Assurant IncAJG,Gallagher Arthur J &AKAM,Akamai TechnologiesAKNS,Akeena Solar Inc DeAKR,Acadia Rlty TrAKRX,Akorn IncAKS,Ak Stl Hldg CorpALAN,Alanco TechnologiesALB,Albemarle CorpALC,Assisted Living ConcptALCO,Alico IncALDA,Aldila IncALE,Allete IncALEX,Alexander & BaldwinALG,Alamo Group IncALGN,Align Technology IncALGT,Allegiant Travel CoALJ,Alon Usa Energy IncALK,Alaska AirgroupALKS,Alkermes IncALL,Allstate CorpALLP,Alliance PharmaceutiALNC,Alliance Financial CALNY,Alnylam PharmaceuticALOG,Analogic CorpALOT,Astro Med Inc NewALOY,Alloy IncALSE,Alseres PharmaceuticalsALSK,Alaska CommunicationALTH,Allos Therapeutics IALTI,Altair NanotechnologALTR,Altera CorpALTU,Altus PharmaceuticalALX,Alexanders IncALXA,Alexza PharmaceuticaALXN,Alexion PharmaceuticALY,Allis Chalmers CorpAM,American GreetingsAMAC,Amer Medical AlertAMAG,Amag Pharmaceuticals InAMAR,Amarillo BiosciencesAMAT,Applied Materials InAMB,Amb Property Corp.AMCC,Applied Micro CircuitsAMCS,Amicas IncAMD,Advanced Micro DevicAME,Ametek Inc NewAMED,Amedisys IncAMFI,Amcore Finl IncAMG,Affiliated ManagersAMGN,AmgenAMIC,American IndependencAMIE,Ambassadors Intl IncAMIN,American Intl IndustAMKR,Amkor Technology IncAMLJ,Aml Communications IAMLN,Amylin PharmaceuticaAMMD,American Med Sys HldAMN,Ameron IncAMNB,American Natl BankshAMOT,Allied Motion TechnoAMP,Ameriprise Finl IncAMPH,American PhysiciansAMPL,Ampal Amern IsraelAMR,Amr CorpAMRB,American Riv HldgsAMRI,Albany Molecular ResAMS,American Shared HospAMSC,American SuperconducAMSF,Amerisafe IncAMSG,Amsurg CorpAMSW.A,American Software InAMT,American Tower Sys CAMTD,Td Ameritrade Hldg CAMTY,Amerityre CorpAMWD,American Woodmark CoAMZN,Amazon Com IncAN,Autonation IncANAD,Anadigics IncANAT,American Natl Ins CoANCI,American CaresourceANCX,Access Natl CorpANDE,Andersons IncANDR,Andrea Radio CorpANDS,Anadys PharmaceuticaANEN,Anaren IncANF,Abercrombie & FitchANGN,Angeion CorpANGO,Angiodynamics IncANH,Anworth Mtge AssetsANIK,Anika Resh IncANLY,Analysts Intl CorpANN,Ann Taylor Stores CoANR,Alpha Natural ResourANSS,Ansys IncANSV,Anesiva Inc ComANSW,Answers CorpANTF,Ante4 IncANTP,Phazar CorpANV,Allied Nevada Gold CorpANX,Adventrx PharmaceutiAOI,Alliance One Intl InAOL,Aol IncAON,Aon CorpAONE,A123 Sys IncAOS,Smith A O Corp 'b'AP,Ampco-Pittsburgh CorAPA,Apache CorpAPAB,Appalachian BancsharAPAC,Apac Teleservices InAPAG.F,Apco Oil & Gas InternatAPC,Anadarko Pete CorpAPD,Air Prods & Chems InAPEI,American Public EducatiAPFC,American Pac CorpAPH,Amphenol Corp NewAPI,Advanced Photonix InAPKT,Acme Packet IncAPL,Atlas Pipeline PartnAPOG,Apogee EnterprisesAPOL,Apollo Group IncAPP,American Apparel IncAPPA,Ap Pharma IncAPPY,Aspenbio IncAPSG,Applied Signal TechnAPU,Amerigas Partners LAPY,Aspyra IncARAY,Accuray IncARB,ArbitronARBA,Ariba IncARBX,Arbinet Thexchange IARCI,Appliance RecyclingARD,Arena Resources IncARDN.A,Arden Group IncARE,Alexandria Real EstaAREX,Approach Resources IncARG,Airgas IncARGN,Amerigon IncARI,Apollo Coml Real Est FiARIA,Ariad PharmaceuticalARII,American Railcar IndARJ,Arch Chemicals IncARKR,Ark Restaurants CorpARL,American Rlty Invs IARLP,Alliance Resource PaARM,Arvinmeritor IncARNA,Arena PharmaceuticalARO,AeropostaleAROW,Arrow Finl CorpARP,American ReprographiARQL,Arqule IncARRS,Arris Group IncARRY,Array Biopharma IncARSD,Arabian Shield DevARST,Arcsight IncART,Artio Global Invs IncARTG,Art Technology GroupARTN.A,Artesian Res CorpARTW,Arts Way Mfg IncARTX,Arotech CorpARUN,Aruba Networks IncARW,Arrow Electrs IncARWD,Arrow Res Dev IncARWR,Arrowhead Resh CorpARYX,Aryx Therapeutics IncASB,Advansource BiomaterialASBC,Associated Banc CorpASCA,Ameristar Casinos InASCM.A,Ascent Media CorpASEI,American Science &EnASF,Administaff IncASFI,Asta Fdg IncASFN,Atlantic Southern FiASGN,On Assignment IncASGR,America Svc Group InASH,Ashland Inc NewASI,American Safety InsASPS,Altisource Portfolio SoASRV,Ameriserv Finl IncASTC,Astrotech CorpASTE,Astec Inds IncASTI,Ascent Solar TechnolASTM,Aastrom BiosciencesASUR,Asure Software IncASYS,Amtech Sys IncASYT,Asyst Technology CorATAC,Atc Technology CorpATC,Cycle Ctry AccessoriATCO,American TechnologyATEA,Astea Intl IncATEC,Alphatec Holdings InATGN,Altigen CommunicatioATHN,Athenahealth IncATHR,Atheros CommunicatioATI,Allegheny TechnologiATK,Alliant TechsystemsATLO,Ames Natl CorpATLS,Atlas Energy IncATMI,Atmi IncATML,Atmel CorpATNI,Atlantic Tele NetworATO,Atmos Energy CorpATPG,Atp Oil & Gas CorpATR,Aptargroup IncATRC,Atricure IncATRI,Atrion CorpATRM,Aetrium IncATRN,Atrinsic IncATRO,Astronics CorpATSG,Air Trans Hldgs IncATSI,Ats Med IncATU,Actuant CorpATVI,Activision Blizzard IncATW,Atwood Oceanics IncATX,Cross A T CoAURD.Q,Accuride CorpAUTH,Authentec IncAUXL,Auxilium PharmaceutiAVA,Avista CorpAVAV,Aerovironment IncAVB,Avalonbay Cmntys IncAVCA,Advocat IncAVD,American Vanguard CoAVID,Avid Technology IncAVII,Avi Biopharma IncAVNR,Avanir PharmaceuticaAVNW,Aviat Networks IncAVP,Avon Prods IncAVR,Aventine Renewable EAVSR,Avistar CommunicatioAVT,Avnet IncAVTR,Avatar Hlds IncAVX,Avx Corp NewAVXT,Avax Technologies InAVY,Avery Dennison CorpAVZA,Aviza Technology IncAWBC,Americanwest BancorpAWH,Allied Wrld AssurancAWI,Armstrong World IndsAWK,American Wtr Wks Co IncAWR,American Sts Wtr CoAWRE,Aware Inc MassAWX,Avalon Hldgs CorpAXAS,Abraxas Pete CorpAXE,Anixter Intl IncAXK,Accelreight TechnoloAXL,American Axle & MfgAXP,American Express CoAXR,Amrep Corp NewAXS,Axis Capital HoldingAXSI,Axcess IncAXST,Axesstel IncAXTI,Axt IncAYE,Allegheny Energy IncAYI,Acuity Brands IncAYR,Aircastle LtdAZO,Autozone IncAZZ,Azz IncB,Barnes Group IncBA,Boeing CoBABY,Natus Medical Inc DeBAC,Bank Amer CorpBAGL,Einstein Noah Rest GrouBAMM,Books-A-Million IncBANF,Bancfirst CorpBANR,Banner CorpBARE,Bare Escentuals IncBARI,Bancorp Rhode IslandBAS,Basic Energy Svcs InBAX,Baxter Intl IncBAYN,Bay Natl CorpBBBB,Blackboard IncBBBY,Bed Bath & Beyond InBBEP,Breitburn Energy ParBBG,Barrett Bill CorpBBGI,Beasley Broadcast GrBBI,Blockbuster IncBBND,Bigband Networks IncBBNK,Bridge Cap HldgsBBOX,Black Box Corp DelBBSI,Barrett Business SerBBT,Bb&T CorpBBW,Build A Bear WorkshoBBX,Bankatlantic BancorpBBY,Best Buy IncBC,Brunswick CorpBCO,Brinks CoBCON,Beacon Power CorpBCPC,Balchem CorpBCR,Bard C R IncBCRX,Biocryst PharmaceuBCSI,Blue Coat Systems InBCST,Broadcast Intl Inc NBDC,Belden Cdt IncBDCO,Blue Dolphin EnergyBDGE,Bridge Bancorp IncBDK,Black & Decker MfgBDN,Brandywine Rlty TrBDR,Blonder Tongue LabsBDSI,Biodelivery SciencesBDX,Becton DickinsonBEAT,Cardionet IncBEAV,Be Aerospace IncBEBE,Bebe Stores IncBEC,Beckman Coulter IncBECN,Beacon Roofing SupplBEE,Strategic Hotel CapBELF.B,Bel Fuse IncBEN,Franklin Res IncBERK,Berkshire Bancorp InBEXP,Brigham ExplorationBEZ,Baldor Elec CoBF.B,Brown Forman Dst 'b'BFED,Beacon Fed Bancorp IncBFIN,Bankfinancial CorpBFLY,Bluefly IncBFNB,Beach First NationalBFRM,Bioform Medical IncBFS,Saul Ctrs IncBFSB,Brooklyn Federal BanBG,Bunge LimitedBGC,General Cable Corp DBGCP,Bgc Partners IncBGFV,Big 5 Sporting GoodsBGG,Briggs & Stratton CoBGH,Buckeye Gp HoldingsBGP,Borders Group IncBGS,B & G Foods Inc NewBHB,Bar Hbr BanksharesBHE,Benchmark Electrs InBHI,Baker Hughes IncBHIP,Natural Health TrendBHLB,Berkshire Hills BancBHS,Brookfield Homes CorBID,Sothebys Hldgs IncBIDZ,Bidz Com IncBIG,Big Lots IncBIIB,Biogen Idec IncBIO,Bio Rad Labs IncBIOC,Bioclinica IncBIOD,Biodel IncBIOF,Biofuel Energy CorpBIOS,Bioscript IncBIP.U,Brookfield Infrast PartBITS,Bitstream IncBJ,Bjs Wholesale Club IBJCT,Bioject Med Tech IncBJRI,Bjs Restaurants IncBJS,Bj Svcs CoBK,Bank Of New York MellonBKC,Burger King Hldgs InBKD,Brookdale Sr LivingBKE,Buckle IncBKH,Black Hills Pwr & LtBKI,Buckeye TechnologiesBKMU,Bank Mutual Corp NewBKR,Baker Michael CorpBKRS,Bakers Footwear GrouBKS,Barnes & Nobles IncBKUN.A,Bankunited Finl CorpBKYF,Bank Ky Finl CorpBLC,Belo A H CorpBLD,Baldwin Technology IBLDR,Builders FirstsourceBLFS,Biolife Solutions InBLGM,Building Matls HldgBLK,Blackrock IncBLKB,Blackbaud IncBLL,Ball CorpBLSW,Bridgeline Software IncBLT,Blount Intl Inc NewBLTI,Biolase Technology IBLUD,Immucor IncBMC,Bmc Software IncBMI,Badger Meter IncBMR,Biomed Realty TrustBMRC,Bank Of Marin BancorpBMRN,Biomarin PharmaceutiBMS,Bemis IncBMTC,Bryn Mawr Bk CorpBMTI,Biomimetic TherapeutBMY,Bristol Myers SquibbBNCL,Beneficial Mutual BancoBNCN,Bnc BancorpBNE,Bowne & Co IncBNHN.A,Benihana IncBNI,Burlington Northn SaBNVI,Bionovo IncBNX,Banks Com IncBOBE,Bob Evans Farms IncBOFI,Bofi Hldg IncBOFL,Bank Fla Corp NaplesBOH,Bank Hawaii CorpBOKF,Bok Finl CorpBOLT,Bolt Technology CorpBONT,Bon-Ton Stores IncBOOM,Dynamic Matls CorpBOOT,Lacrosse Footwear InBPAX,Biosante PharmaceutiBPFH,Boston Private BancoBPI,Bridgepoint Ed IncBPL,Buckeye Partners L PBPO,Brookfield Pptys CorBPOP,Popular IncBPSG,Broadpoint Gleacher SecBPT,Bp Prudhoe Bay Rty TBPUR,Biopure CorpBPZ,Bpz Energy IncBR,Broadridge Finl SolutioBRC,Brady CorporationBRCD,Brocade CommunicationsBRCM,Broadcom CorpBRE,Bre Properties IncBRID,Bridgford Foods CorpBRK.A,Berkshire Hathaway IBRKL,Brookline Bancorp InBRKR,Bruker Biosciences CBRKS,Brooks Automation InBRLI,Bio-Reference Labs IBRN,Barnwell Inds IncBRNC,Bronco Drilling Co IBRO,Brown & Brown IncBRS,Bristow Group IncBRT,Brt Rlty TrBRY,Berry Pete CoBSDM,Bsd Med Corp DelBSET,Bassett Furniture InBSMD,Biosphere Medical InBSQR,Bsquare CorpBSRR,Sierra BancorpBSTC,Biospecifics TechnolBSX,Boston Scientific CoBTFG,Banctrust FinancialBTH,Blyth IncBTIM,Biotime IncBTN,Ballantyne Omaha IncBTU,Peabody Energy CorpBTUI,Btu Intl IncBUCY,Bucyrus Intl Inc NewBUKS,Butler Natl CorpBUSE,First Busey CorpBVSN,Broadvision IncBVX,Bovie Medical CorpBW,Brush Engineered MatBWA,Borg-Warner AutomotiBWIN.B,Baldwin & Lyons IncBWLD,Buffalo Wild Wings IBWP,Boardwalk Pipeline PBWS,Brown Shoe Inc NewBWTR,Basin Wtr IncBWY,Bway Holding CompanyBX,Blackstone Group L PBXC,Bluelinx Hldgs IncBXG,Bluegreen CorpBXP,Boston Properties InBXS,Bancorpsouth IncBYD,Boyd Gaming CorpBYI,Bally Technologies IBZ,Boise IncBZH,Beazer Homes Usa IncC,Citigroup IncCA,Ca IncCAB,Cabelas IncCAC,Camden Natl CorpCACB,Cascade BancorpCACC,Credit Accep Corp MiCACH,Cache IncCACI,Caci IncCADE,Cadence Finl CorpCADX,Cadence PharmaceuticCAFI,Camco Finl CorpCAG,Conagra Foods IncCAH,Cardinal Health IncCAKE,Cheesecake Factory ICAL,Continental Airls InCALC,California Coastal CCALD,Callidus Software InCALM,Cal Maine Foods IncCALP,Caliper Life ScienceCAM,Cameron InternationaCAMH,Cambridge Heart IncCAMP,Calamp CorpCAP,Cai International IncCAPS,Orthologic CorpCAR,Avis Budget GroupCAS,Castle A M & CoCASB,Cascade Finl CorpCASC,Cascade CorpCASH,Meta Finl Group IncCASM,Cas Medical Sys IncCASS,Cass Information SysCASY,Caseys Gen StoresCAT,Caterpillar IncCATM,Cardtronics IncCATO,Cato Corp NewCATY,Cathay Bancorp IncCAVM,Cavium Networks IncCAW,Cca Inds IncCB,Chubb CorpCBAN,Bank Southn Ore MedfCBB,Cincinnati Bell IncCBBO,Columbia Bancorp OreCBC,Capitol Bancorp LtdCBEY,Cbeyond CommunicatioCBG,Cb Richard Ellis GroCBIN,Community Bk Shs IndCBK,Christopher & BanksCBKN,Capital Bk CorpCBL,Cbl & Assoc Pptys InCBLI,Cleveland Biolabs InCBM,Cambrex CorpCBMC,Calypte Biomedical CCBMX,Combimatrix CorporationCBNJ,Cape Bancorp IncCBNK,Chicopee Bancorp IncCBON,Community Bancorp NeCBOU,Caribou Coffee IncCBR,Ciber IncCBRL,Cracker Barrel Old CtryCBRX,Columbia Labs IncCBS,Cbs CorpCBSH,Commerce BancsharesCBST,Cubist PharmaceuticaCBT,Cabot CorpCBTE,Commonwealth BiotechCBU,Community Bk Sys IncCBZ,Cbiz IncCCBG,Capital City Bk GrouCCC,Calgon Carbon CorpCCE,Coca Cola EnterpriseCCEL,Cryo-Cell Intl IncCCF,Chase CorpCCI,Crown Castle Intl CoCCIX,Coleman Cable IncCCK,Crown Holdings IncCCL,Carnival CorpCCMP,Cabot MicroelectroniCCNE,Cnb Finl Corp PaCCO,Clear Channel OutdooCCOI,Cogent Comm Group InCCRN,Cross Ctry HealthcarCCRT,Compucredit Hldgs CorpCCUR,Concurrent Computer CorCDE,Coeur D Alene Mines CorCDI,C D I CorpCDNS,Cadence Designs SysCDR,Cedar Shopping CtrsCDTI,Clean Diesel TechnologiCDZI,Cadiz IncCE,Celanese Corp DelCEC,Cec Entmt IncCECE,Ceco Environmental CCECO,Career Education CorCEDC,Central European DisCEG,Constellation EnergyCELG,Celgene CorpCELL,Brightpoint IncCEMJQ,Chemtura CorpCENT.A,Central Garden & PetCENX,Century Alum CoCEPH,Cephalon IncCERN,Cerner CorpCERS,Cerus CorpCEVA,Ceva IncCF,Cf Inds Hldgs IncCFBK,Central Fed CorpCFFC,Community Finl CorpCFFI,C & F Finl CorpCFFN,Capitol Fed FinlCFI,Culp IncCFL,Brinks Home Sec Hldgs ICFN,Carefusion CorpCFNB,California First NtnCFNL,Cardinal Finl CorpCFR,Cullen Frost BankersCFS,Comforce CorpCFW,Cano Pete IncCFX,Colfax CorpCGI,Celadon Group IncCGNX,Cognex CorpCGX,Consolidated GraphicCHB,Champion EnterprisesCHCI,Comstock HomebuildinCHCO,City Hldg CoCHD,Church & Dwight IncCHDN,Churchill Downs IncCHDX,Chindex InternationaCHE,Chemed Corp NewCHEV,Cheviot Finl CorpCHFC,Chemical Finl CorpCHG,Ch Energy Group IncCHH,Choice Hotels Intl ICHK,Chesapeake Energy CoCHKE,Cherokee Inc Del NewCHMP,Champion Inds Inc WCHP,C&D Technologies IncCHRD,Chordiant Software ICHRS,Charming Shoppes IncCHRW,C H Robinson WorldwiCHS,Chicos Fas IncCHSI,Catalyst Health SolutioCHTP,Chelsea TherapeuticsCHTT,Chattem IncCHUX,O Charleys IncCHYR,Chyron CorpCI,Cigna CorpCIA,Citizens IncCICI,Communication IntellCIDM,Cinedigm Digital CinemaCIE,Cobalt Intl Energy IncCIEN,Ciena CorpCIGX,Star Scientific IncCIM,Chimera Invt CorpCINF,Cincinnati Finl CorpCIR,Circor Intl IncCITP,Comsys It Partners ICITZ,Cfs Bancorp IncCIX,Compx InternationalCJBK,Central Jersey BancoCKEC,Carmike Cinemas IncCKH,Seacor Hldgs IncCKP,Checkpoint Sys IncCKR,Cke Restaurants IncCKXE,Ckx IncCL,Colgate Palmolive CoCLC,Clarcor IncCLCT,Collectors UniverseCLD,Cloud Peak Energy IncCLDA,Clinical Data Inc NeCLDX,Celldex Therapeutics InCLF,Cliffs Natural ResourceCLFC,Center Finl Corp CalCLFD,Clearfield IncCLH,Clean Harbors IncCLI,Mack Cali Rlty CorpCLMS,Calamos Asset Mgmt ICLMT,Calumet Specialty PrCLNE,Clean Energy Fuels CorpCLNY,Colony Finl IncCLP,Colonial Pptys TrCLR,Continental Resources ICLRO,Clearone CommunicatiCLRT,Clarient IncCLSN,Celsion CorporationCLUB,Town Sports Intl HldCLW,Clearwater Paper CorpCLWR,Clearwire Corp NewCLX,Clorox CoCMA,Comerica IncCMC,Commercial Metals CoCMCO,Columbus Mckinnon CoCMCSA,Comcast Corp NewCME,Cme Group IncCMG,Chipotle Mexican GriCMI,Cummins Engine IncCMLS,Cumulus Media IncCMN,Cantel IncCMO,Capstead Mtg CorpCMP,Compass Minerals IntCMRG,Casual Male Retail GrpCMS,Cms Energy CorpCMT,Core Matls CorpCMTL,Comtech TelecommunicCNA,Cna Finl CorpCNB.Z,Colonial Bancgroup ICNBC,Center Bancorp IncCNBK.A,Century Bancorp IncCNC,Centene Corp DelCNK,Cinemark Holdings IncCNL,Cleco Corp NewCNLG,Conolog CorpCNMD,Conmed CorpCNO,Conseco IncCNP,Centerpoint Energy ICNQR,Concur TechnologiesCNS,Cohen & Steers IncCNSL,Consolidated Comm HlCNTY,Century Casinos IncCNU,Continucare CorpCNVR,Convera CorpCNW,Con-Way IncCNX,Consol Energy IncCNXT,Conexant Systems IncCOA,Coachmen Inds IncCOBR,Cobra Electrs CorpCOBZ,Cobiz IncCOCO,Corinthian CollegesCOF,Capital One Finl CorCOG,Cabot Oil & Gas CorpCOGT,Cogent IncCOH,Coach IncCOHN,Cohen & Co IncCOHR,Coherent IncCOHU,Cohu IncCOKE,Coca Cola Bottlng CoCOL,Rockwell Collins IncCOLB,Columbia Bkg Sys IncCOLM,Columbia SportswearCOMS,3com CorpCOMV,Comverge IncCONN,Conns IncCOO,Cooper Cos IncCOOL,Majesco Hldgs IncCOP,ConocophillipsCOPY,Copytele IncCORE,Core Mark Holding CoCORS,Corus Bankshares IncCORT,Corcept TherapeuticsCORX,Cortex PharmaceuticaCOSI,Cosi IncCOST,Costco Whsl Corp NewCOVR,Cover-All TechnologiCPB,Campbell Soup CoCPBK,Community Cap Corp SCPD,Caraco PharmaceuticaCPE,Callon Pete Co DelCPEX,Cpex Pharmaceuticals InCPF,Central Pac Finl CorCPHD,Cepheid IncCPII,Cpi International InCPIX,Cumberland PharmaceuticCPK,Chesapeake Utils CorCPKI,California Pizza KitCPLA,Capella Education CoCPLP,Capital Product PartnerCPN,Calpine CorpCPNO,Copano Energy L L CCPO,Corn Prods Intl IncCPRT,Copart IncCPRX,Catalyst Pharm PartnCPSI,Computer Programs &CPSS,Consumer Portfolio SCPST,Capstone Turbine CorCPT,Camden Ppty TrCPTS,Conceptus IncCPWM,Cost Plus Inc CalifCPWR,Compuware CorpCPX,Complete ProductionCPY,Cpi CorpCQB,Chiquita Brands IntlCQP,Cheniere Energy PartnerCR,Crane CoCRA,Celera CorpCRAI,Cra Intl IncCRAY,Cray IncCRBC,Citizens Bkg Corp MiCRC,Chromcraft RevingtonCRD.B,Crawford & CoCRDC,Cardica IncCRDN,Ceradyne IncCRE,Care Investment Trust ICRED,Credo Pete CorpCREE,Cree IncCRFN,Crescent Finl CorpCRFT,Craftmade Intl IncCRI,Carter Hldgs IncCRIS,Curis IncCRK,Comstock Res IncCRL,Charles Riv Labs IntCRM,Salesforce Com IncCRMH,Crm Holdings LtdCRMT,Americas Car Mart InCRN,Cornell CorrectionsCROX,Crocs IncCRR,Carbo Ceramics IncCRRC,Courier CorpCRS,Carpenter TechnologyCRT,Cross Timbers Rty TrCRTX,Cornerstone TherapeuticCRUS,Cirrus Logic CorpCRV,Coast Distr SysCRVL,Corvel CorpCRWN,Crown Media Hldgs InCRXX,Combinatorx IncCRY,Cryolife IncCRZO,Carrizo Oil & Co IncCSA,Cogdell Spencer IncCSBC,Citizens South Bkg CCSBK,Clifton Svgs BancorpCSC,Computer Sciences CoCSCD,Cascade Microtech InCSCO,Cisco Sys IncCSCX,Cardiac Science CorpCSE,Capitalsource IncCSFL,Centerstate Bks FlaCSGP,Costar Group IncCSGS,Csg Sys Intl IncCSH,Cash Amer Invts IncCSII,Cardiovascular Sys IncCSL,Carlisle CorpCSPI,Csp IncCSS,Css Inds IncCSTR,Coinstar IncCSU,Capital Sr Living CoCSV,Carriage Svcs IncCSX,Csx CorpCT,Capital Trust Inc MdCTAS,Cintas CorpCTB,Cooper Tire & RubrCTBI,Community Tr BancorpCTBK,City Bk Lynnwood WasCTCT,Constant Contact IncCTDB,Citadel BroadcastingCTGX,Computer Task GroupCTHR,Charles & Colvard LtCTIB,Cti Industries CorpCTIC,Cell Therapeutics IncCTL,Centurytel IncCTO,Consolidated TomokaCTRN,Citi Trends IncCTS,Cts CorpCTSH,Cognizant TechnologyCTT,Competitive TechnoloCTV,Commscope IncCTWS,Conn Wtr Svc IncCTXS,Citrix Sys IncCTZN,Citizens First BancoCUB,Cubic CorpCUR,Neuralstem IncCUTR,Cutera IncCUZ,Cousins Pptys IncCV,Central Vt Pub SvcCVA,Covanta Hldg CorpCVBF,Cvb Finl CorpCVC,Cablevision Sys CorpCVCO,Cavco Inds Inc DelCVCY,Central Valley CmntyCVD,Covance IncCVG,Convergys CorpCVGI,Commercial Veh GroupCVGW,Calavo Growers IncCVH,Coventry Health CareCVI,Cvr Energy IncCVLL,Community Valley BanCVLT,Commvault Systems InCVLY,Codorus Vy Bancorp ICVM,Cel-Sci CorpCVO,Cenveo IncCVS,Cvs CorpCVTI,Covenant Trans IncCVU,Cpi Aerostructures ICVV,Cvd Equip CorpCVX,Chevron CorpCW,Curtiss Wright CorpCWBS,Commonwealth BankshsCWEI,Williams Clayton EneCWLZ,Cowlitz Bancorp WashCWST,Casella Waste Sys InCWT,California Wtr Svc GCWTR,Coldwater Creek IncCXG,Cnx Gas CorpCXM,Cardium TherapeuticsCXO,Concho Res IncCXPO,Crimson ExplorationCXS,Crexus Invt CorpCXW,Corrections Corp AmeCY,Cypress SemiconductoCYAN,Cyanotech CorpCYBE,Cyberoptics CorpCYBI,Cybex Intl IncCYBS,Cybersource CorpCYBX,Cyberonics IncCYCC,Cyclacel PharmaceutiCYH,Community Health SysCYMI,Cymer IncCYN,City Natl CorpCYNO,Cynosure IncCYPB,Cypress BiosciencesCYS,Cypress Sharpridge InvtCYT,Cytec Inds IncCYTK,Cytokinetics IncCYTR,Cytrx CorpCYTX,Cytori TherapeuticsCZNC,Citizens & Northn CoD,Dominion Res Inc VaDAIO,Data I O CorpDAKT,Daktronics IncDAL,Delta Air Lines Inc DelDAN,Dana Holding CorpDAR,Darling Intl IncDARA,Dara Biosciences IncDATA,Datatrak Intl IncDAVE,Famous Daves Amer InDBD,Diebold IncDBLE,Double Eagle Pete&MnDBRN,Dress Barn IncDBTK,Double-Take SoftwareDCAI,Dialysis Corp AmerDCI,Donaldson IncDCO,Ducommun Inc DelDCOM,Dime Cmnty Bancorp IDCP,Dyncorp Intl IncDCT,Dct Industrial TrustDCTH,Delcath Sys IncDD,Du Pont E I De NemouDDD,Scolr IncDDDC,Deltathree Com IncDDE,Dover Downs Gaming &DDIC,Ddi CorpDDMX,Dynamex IncDDR,Developers DiversifiDDRX,Diedrich Coffee IncDDS,Dillards IncDE,Deere & CoDEAR,Dearborn Bancorp IncDECK,Deckers Outdoor CorpDEI,Douglas Emmett IncDEL,Deltic Timber CorpDELL,Dell IncDENN,Dennys CorpDEP,Duncan Energy PartneDEPO,Depomed IncDEST,Destination Maternity CDF,Dean Foods Co NewDFG,Delphi Finl Group InDFR,Deerfield Capital CorpDFS,Discover Finl SvcsDFT,Dupont Fabros TechnologDFZ,Barry R G Corp OhioDG,Dollar Gen Corp NewDGAS,Delta Nat Gas IncDGI,Digitalglobe IncDGIC.A,Donegal Group IncDGII,Digi Intl IncDGIT,Dg Fastchannel IncDGLY,Digital Ally IncDGSE,Dgse Companies IncDGX,Quest Diagnostics InDHCC,Diamondhead Casino CDHI,D R Horton IncDHIL,Diamond Hill InvestmDHR,Danaher CorpDHT,Dht Maritime IncDHX,Dice Hldgs IncDIET,Ediets Com IncDIGA,Digital Angel Corp NewDIN,Dineequity IncDINE,Rewards Network IncDIOD,Diodes IncDIS,Disney Walt ProdtnsDISC.A,Discovery CommunicatnsDISH,Dish Network CorpDISK,Image Entmt IncDIT,Amcon Distrg CoDITC,Ditech Networks IncDIVX,Divx IncDK,Delek Us Hldgs IncDKS,Dicks Sporting GoodsDLA,Delta Apparel IncDLB,Dolby Laboratories IDLIA,Delia's Inc NewDLLR,Dollar Finl CorpDLM,Del Monte Foods CoDLR,Digital Rlty Tr IncDLTR,Dollar Tree IncDLX,De Luxe Check PrinteDM,Dolan Media CoDMAN,Demandtec IncDMC,Document Sec Sys IncDMLP,Dorchester MineralsDMND,Diamond Foods IncDMRC,Digimarc Corp NewDNB,Dun & Bradstreet CorDNBK,Danvers Bancorp IncDNDN,Dendreon CorpDNE,Dune Energy IncDNEX,Dionex CorpDNR,Denbury Res IncDO,Diamond Offshore DriDOLE,Dole Food Co Inc NewDORM,Dorman Products IncDOV,Dover CorpDOW,Dow Chem CoDPL,Dpl IncDPM,Dcp Midstream PartneDPS,Dr Pepper Snapple GroupDPTR,Delta Pete CorpDPW,Digital Pwr CorpDPZ,Dominos Pizza IncDRAD,Digigrad CorpDRAM,Dataram CorpDRC,Dresser-Rand Group IDRCO,Dynamics Resh CorpDRE,Duke Realty Corp.DRH,Diamondrock HospitalDRI,Darden Restaurants IDRIV,Digital Riv IncDRJ,Dreams IncDRL,Doral Finl CorpDRQ,Dril-Quip IncDRRX,Durect CorpDSCI,Derma Sciences IncDSCM,Drugstore Com IncDSCO,Discovery LaboratoriDSPG,Dsp Group IncDST,Dst Sys Inc DelDSTI,Daystar TechnologiesDSW,Dsw IncDTE,Dte Energy CoDTG,Dollar Thrifty AutomDTLK,Datalink CorpDTPI,Diamond Mgmt & TechnDTSI,Dts IncDTV,DirectvDUCK,Auckwall-Alto StoresDUF,Duff & Phelps Corp NewDUK,Duke Energy Corp NewDUSA,Dusa PharmaceuticalsDV,Devry Inc DelDVA,Davita IncDVAX,Dynavax TechnologiesDVD,Dover Motorsports InDVN,Devon Energy CorpDVR,Cal Dive Intl Inc DeDW,Drew Inds IncDWA,Dreamworks AnimationDWCH,Datawatch CorpDWRI,Design Within ReachDWSN,Dawson GeophysicalDX,Dynex Cap IncDXCM,Dexcom IncDXPE,Dxp Enterprises IncDXR,Daxor CorpDXYN,Dixie Group IncDY,Dycom Inds IncDYAX,Dyax CorpDYII,Dynacq Healthcare InDYN,Dynegy Inc DelDYNT,Dynatronics CorpEAC,Encore Acquisition CEAG,American Defense Sys InEAR,Hearx LtdEAT,Brinker Intl IncEBAY,Ebay IncEBF,Ennis Business FormsEBHI,Bauer Eddie Hldgs InEBIX,Ebix Com IncEBS,Emergent BiosolutionEBSB,Meridian Interstat BancEBTC,Enterprise Bancorp IEBTX,Encore Bancshares IncECHO,Echo Global Logistics IECL,Ecolab IncECLP,Eclipsys CorpECNG,Energyconnect Group IncECOL,American Ecology CorECPG,Encore Cap Group IncED,Consolidated EdisonEDAC,Edac Technologies CoEDCI,Edci Hldgs IncEDE,Empire Dist Elec CoEDGR,Edgar Online IncEDGW,Edgewater TechnologyEDMC,Education Mgmt Corp NewEDR,Education Rlty Tr InEDUC,Educational Dev CorpEE,El Paso Elec CoEEE,Evergreen Energy IncEEFT,Euronet Svcs IncEEI,Ecology & EnvironmenEEP,Enbridge Energy PartEEQ,Enbridge Energy ManaEFII,Electronics For ImagEFJI,Efj IncEFOI,Energy Focus IncEFSC,Enterprise Finl SvcsEFX,Equifax IncEGAS,Energy Inc MontEGBN,Eagle Bancorp Inc MdEGHT,8x8 Inc NewEGLE,Eagle Bulk ShippingEGLQ,Electroglas IncEGN,Energen CorpEGOV,Nic IncEGP,Eastgroup Ppty IncEGT,Elixir Gaming TechnologEGY,Vaalco Energy IncEHTH,Ehealth IncEIG,Employers Holdings IEIHI,Eastern Ins Hldgs InEIX,Edison IntlEK,Eastman Kodak CoEL,Lauder Estee Cos IncELGX,Endologix IncELMG,Ems Technologies IncELNK,Earthlink IncELON,Echelon CorpELOY,Eloyalty CorpELRC,Electro Rent CorpELS,Equity Lifestyle PptELSE,Electro-Sensors IncELTP,Elite PharmaceuticalELX,Emulex CorpELY,Callaway Golf CoEM,Emdeon IncEMAN,Emagin CorpEMC,E M C Corp MassEMCI,Emc Ins Group IncEME,Emcor Group IncEMIS,Emisphere TechnologiEMKR,Emcore CorpEML,Eastern CoEMMS,Emmis CommunicationsEMN,Eastman Chem CoEMR,Emerson Elec CoEMS,Emergency Medical SvENA,Enova Systems IncENCO,Encorium Group IncEND,Endeavour Intl CorpENDP,Endo PharmaceuticalsENER,Energy Conver DeviceENG,Englobal CorpENH,Endurance SpecialtyENMD,Entremed IncENOC,Enernoc IncENP,Encore Energy PartnersENR,Energizer Hldgs IncENS,EnersysENSG,Ensign Group IncENTG,Entegris IncENTN,Entorian Technologies IENTR,Entropic CommunicationsENWV,Endwave CorpENZ,Enzo Biochem IncENZN,Enzon PharmaceuticEOG,Eog Res IncEONC,Eon Communications CorpEP,El Paso CorpEPAX,Ambassadors Group InEPAY,Bottomline Tech DelEPB,El Paso Pipeline PartneEPCT.D,Epicept CorpEPD,Enterprise Prods ParEPE,Enterprise Gp HldgsEPEX,Edge Pete Corp DelEPG,Environmental Pwr CoEPHC,Epoch Holding CorpEPIC,Epicor Software CorpEPIQ,Epiq Sys IncEPIX,Epix PharmaceuticalsEPL,Energy Partners LtdEPM,Evolution PetroleumEPR,Entertainment PptysEQIX,Equinix IncEQR,Equity Residential PEQT,Eqt CorpEQY,Equity OneERES,EresearchtechnologyERIE,Erie Indty CoERII,Energy Recovery IncEROC,Eagle Rock Energy PaERTS,Electronic ArtsES,Energysolutions IncESBF,Esb Finl CorpESBK,Elmira Svgs Bk Fsb NESC,Emeritus CorpESCA,Escalade IncESCC,Evans&Sutherland ComESE,Esco Technologies InESGR,Enstar Group LimitedESI,Itt Educational ServESIC,Easylink Services IntlESIO,Electro ScientificESL,Esterline TechnologiESLR,Evergreen Solar IncESMC,Escalon Med CorpESP,Espey Mfg & ElectrsESRX,Express Scripts IncESS,Essex Ppty Tr IncESSA,Essa Bancorp IncESYS,Elecsys CorpETE,Energy Transfer EquiETFC,E-Trade Finl GrpETH,Ethan Allen InteriorETM,Entercom CommunicatiETN,Eaton CorpETP,Energy Transfer PrtnETR,Entergy Corp NewETRM,Enteromedics IncEUBK,Eurobancshares IncEV,Eaton Vance CorpEVBN,Evans Bancorp IncEVBS,Eastern Va BankshareEVC,Entravision CommunicEVEP,Ev Energy Partners LEVOL,Evolving Sys IncEVR,Evercore Partners InEVVV,Ev3 IncEW,Edwards LifesciencesEWBC,East West Bancorp InEXAC,Exactech IncEXAR,Exar CorpEXAS,Exact Sciences CorpEXBD,Corporate ExecutiveEXC,Exelon CorpEXEL,Exelixis IncEXH,Exterran Hldgs IncEXLP,Exterran Partners LpEXLS,Exlservice HoldingsEXM,Excel Maritime CarriEXP,Eagle Materials IncEXPD,Expeditors Intl WashEXPE,Expedia Inc DelEXPO,Exponet IncEXR,Extra Space StorageEXTR,Extreme Networks IncEZPW,Ezcorp IncF,Ford Mtr Co DelFAC,First Acceptance CorFACE,Physicians Formula HFACT,Facet Biotech CorpFAF,First Amern Finl CorFALC,Falconstor SoftwareFARM,Farmer Bros CoFARO,Faro Technologies InFAST,Fastenal CoFBC,Flagstar Bancorp IncFBCM,Fbr Capital Markets CorFBMI,Firstbank Corp MichFBN,Furniture Brands IntFBNC,First Bancorp N CFBP,First Bancorp P RFC,Franklin Covey CoFCAL,First California FinancFCBC,First Cmnty BancsharFCE.A,Forest City EnterpriFCEL,Fuelcell Energy IncFCF,First Comwlth Finl PFCFC,Firstcity Finl CorpFCFS,First Cash Finl SvcsFCH,Felcor Lodging Tr InFCN,Fti Consulting IncFCNC.A,First Citizens BancsFCS,Fairchild SemiconducFCVA,First Capital BancorFCX,Freeport-Mcmoran CopFCZA,First Ctzns Banc CorFDEF,First Defiance FinlFDML,Federal Mogul CorpFDO,Family Dlr Stores InFDP,Fresh Del Monte ProdFDS,Factset Resh Sys IncFDX,Fedex CorpFE,First Energy CorpFEIC,Fei CoFEIM,Frequency Electrs InFELE,Franklin Elec IncFEP,Franklin Electr PublFFBC,First Finl BancorpFFBH,First Fed BancsharesFFCH,First Financial HldgFFEX,Frozen Food Expr IndFFG,Fbl Finl Group IncFFIC,Flushing Finl CorpFFIN,First Finl BankshareFFIV,F5 Networks IncFFKT,Farmers Cap Bk CorpFFNW,First Financial NorthweFFSX,First Fed BanksharesFGP,Ferrellgas PartnersFGXI,Fgx International HldgsFHCO,Female Health CoFHN,First Horizon Natl CFICO,Fair Isaac CorpFIF,Financial Fed CorpFIG,Fortress InvestmentFIGI,Fortress Intl Group IncFII,Federated Invs Inc PFINL,Finish Line IncFIRE,Sourcefire IncFIS,Fidelity Natl InformFISI,Financial Instns IncFISV,Fiserv IncFIT,Health Fitness CorpFITB,Fifth Third BancorpFIX,Comfort Sys Usa IncFIZZ,National Beverage CoFL,Foot Locker IncFLDR,Flanders CorpFLIC,First Long Is CorpFLIR,Flir Sys IncFLL,Full House Resorts IFLO,Flowers Foods IncFLOW,Flow Intl CorpFLR,Fluor CorpFLS,Flowserve CorpFLWS,1 800 Flowers ComFLXS,Flexsteel Inds IncFMAR,First Mariner BancorFMBI,First Midwest BancorFMC,F M C CorpFMD,First Marblehead CorFMER,Firstmerit CorpFMFC,First M & F CorpFMR,First Mercury FinancFNB,Fnb CorpFNBN,F N B Corp N CFNET,Fortunet IncFNF,Fidelity Natl TitleFNFG,First Niagara Finl GFNLC,First Bancorp Inc MeFNLQ,Finlay Enterprises IFNM,Fannie MaeFNSC,First Natl BancshareFNSR,Finisar CorpFNXC,Fonix Corp DelFO,Fortune Brands IncFOE,Ferro CorpFOH,Fredericks Hollywood GrFOLD,Amicus Therapeutics IncFONR,Fonar CorpFOOD,Vaughan Foods IncFOR,Forestar Real Estate GrFORD,Forward Inds Inc N YFORM,Formfactor IncFORR,Forrester Resh IncFOSL,Fossil IncFPBN,1st Pacific BankFPFC,First Pl Finl CorpFPIC,Fpic Ins Group IncFPL,Fpl Group IncFPO,First Potomac Rlty TFPP,Fieldpoint PetroleumFPTB,First Pactrust BancoFR,First Industrial ReaFRBK,Republic First BancoFRD,Friedman Inds IncFRE,Freddie MacFRED,Freds IncFRGB,First Regional BancoFRM,Furmanite CorporationFRME,First Merchants CorpFRP,Fairpoint CommunicatFRPT,Force Protection IncFRS,Frischs RestaurantsFRT,Federal Realty InvtFRX,Forest Labs IncFRZ,Reddy Ice Hldgs IncFSBK,First South BancorpFSCI,Fisher Cos IncFSGI,First Sec Group IncFSII,Fsi Intl IncFSLR,First Solar IncFSNM,First St BancorporatFSNN,Fusion Telecomm IntlFSP,Franklin Street PptyFSR,Flagstone Reinsurance HFSS,Federal Signal CorpFST,Forest Oil CorpFSTF,First St Finl Corp FFSTR,Foster L B CoFSYS,Fuel Sys Solutions IFTBK,Frontier Finl Corp WashFTEK,Fuel-Tech N VFTI,Fmc Technologies IncFTK,Flotek Inds Inc DelFTNT,Fortinet IncFTO,Frontier Oil CorpFTR,Frontier CommunicationsFTWR,Fibertower CorpFUEL,Smf Energy CorporationFUL,Fuller H B CoFULT,Fulton Finl Corp PaFUN,Cedar Fair L PFUNC,First Utd CorpFUR,Winthrop Rlty TrFVE,Five Star Quality CaFWRD,Forward Air CorpFXCB,Fox Chase BancorpFXEN,Fx Energy IncFXRE,Fx Real EstateG,Genpact LimitedGABC,German Amern BancorpGAIA,Gaiam IncGAP,Great Atl & Pac TeaGAS,Nicor IncGB,Greatbatch IncGBCI,Glacier Bancorp IncGBE,Grubb & Ellis CoGBH,Green Builders IncGBL,Gamco Investors IncGBNK,Guaranty Bancorp DelGBX,Greenbrier Cos IncGCA,Global Cash Access HGCFB.D,Granite City Food & BreGCI,Gannett IncGCO,Genesco IncGCOM,Globecomm Systems InGD,General Dynamics CorGDI,Gardner Denver MachyGDP,Goodrich Pete CorpGDTI,Guardian TechnologieGE,General Elec CoGEF,Greif IncGEL,Genesis Energy L PGENC,Gencor Inds IncGENZ,Genzyme CorpGEO,Geo Group IncGEOI,Georesources IncGEOY,Geoeye IncGERN,Geron CorpGES,Guess IncGET,Gaylord Entmt Co NewGETA,Genta IncGFF,Griffon CorpGFG,Guaranty Finl Group IncGFIG,Gfi Group IncGGC,Georgia Gulf CorpGGG,Graco IncGGOX,Gigoptix IncGGP,General Growth PptysGHDX,Genomic Health IncGHL,Greenhill & Co IncGHM,Graham CorpGIA,Gulfstream Intl Group IGIFI,Gulf Island FabricatGIGA,Giga Tronics IncGIII,G-Iii Apparel GroupGILD,Gilead Sciences IncGIS,General Mls IncGKK,Gramercy Cap CorpGKSR,G & K Svcs IncGLBC,Global Crossing LtdGLBL,Global Inds LtdGLDC,Golden EnterprisesGLDD,Great Lakes Dredge &GLF,Gulfmark Offshore InGLG,Glg Partners IncGLOI,Globaloptions Group IncGLP,Global Partners LpGLRE,Greenlight Capital Re LGLT,Glatfelter P H CoGLUU,Glu Mobile IncGLW,Corning IncGMCR,Green Mtn Coffee RoaGME,Gamestop Corp NewGMET,Geomet Inc DelGMO,General Moly IncGMR,General Maritime Corp NGMT,Gatx CorpGMTC,Gametech InternationGMTN,Gander Mountain CoGMXR,Gmx Res IncGNCM.A,General CommunicatioGNET,Global Traffic NetwoGNH,Global Energy Hldgs GroGNK,Genco Shipping & TraGNTX,Gentex CorpGNVC,Genvec IncGNW,Genworth Finl IncGOK,Geokinetics IncGOLF,Golfsmith Intl HoldiGOOD,Gladstone Coml CorpGOOG,Google IncGORX,Geopharma IncGOV,Government Pptys IncomeGPC,Genuine Parts CoGPI,Group 1 Automotive IGPIC,Gaming Partners IntlGPK,Graphic Packaging HldgGPN,Global Pmts IncGPOR,Gulfport Energy CorpGPR,Geopetro Resources CGPRE,Green Plains RenewabGPRO,Gen-Probe Inc NewGPS,Gap IncGPX,Gp Strategies CorpGR,Goodrich B F CoGRA,Grace W R & Co Del NGRAN,Bank Granite Falls NGRB,Gerber Scientific InGRC,Gorman Rupp CoGRH,Greenhunter Energy IncGRIF,Griffin Ld & NurseriGRMH,Graymark Healthcare IncGRMN,Garmin LtdGRNB,Greene Cnty BancsharGROW,U S Global Invs IncGRT,Glimcher Rlty TrGS,Goldman Sachs GroupGSAT,Globalstar IncGSB,Globalscape IncGSBC,Great Southn BancorpGSIC,Gsi Commerce IncGSIT,Gsi TechnologyGSM,Globe Specialty MetalsGST,Gastar Expl LtdGSX,Gasco Energy IncGT,Goodyear Tire & RubrGTA,Golf Tr Amer IncGTCB,Gtc Biotherapeutics IncGTEC,Global Defense Tech SysGTF,Cytomedix IncGTI,Graftech Intl LtdGTIV,Gentiva Health ServiGTLS,Chart Inds IncGTN,Gray Television IncGTS,Triple-S Mgmt CorpGTSI,Gtsi CorpGTXI,Gtx Inc DelGTY,Getty Rlty Corp NewGUID,Guidance Software InGV,Goldfield CorpGVA,Granite Constr IncGVP,Gse Sys IncGWR,Genesee & Wyo IncGWW,Grainger W W IncGXDX,Genoptix IncGXP,Great Plains EnergyGY,Gencorp IncGYMB,Gymboree CorpH,Hyatt Hotels CorpHA,Hawaiian Holdings InHAE,Haemonetics CorpHAFC,Hanmi Finl CorpHAIN,Hain Celestial GroupHAL,Halliburton CoHALL,Hallmark Finl Svcs IHALO,Halozyme TherapeuticHANS,Hansen Nat CorpHAR,Harman Intl Inds IncHARL,Harleysville Svgs FiHAS,Hasbro Bradley IncHAST,Hastings Entmt IncHAUP,Hauppague Digital InHAYN,Haynes InternationalHBAN,Huntington BancshareHBCP,Home Bancorp IncHBE,Henry Bros ElectroniHBHC,Hancock Hldg CoHBI,Hanesbrands IncHBIO,Harvard Bioscience IHBNC,Horizon Bancorp IndHBNK,Hampden Bancorp IncHCBK,Hudson City BancorpHCC,Hcc Ins Hldgs IncHCCI,Heritage Crystal CleanHCII,Homeowners Choice IncHCKT,Hackett Group IncHCN,Health Care Reit IncHCP,Hcp IncHCSG,Health Care Group InHD,Home Depot IncHDIX,Home Diagnostics IncHDNG,Hardinge IncHDSN,Hudson TechnologiesHDY,Hyperdynamics CorpHE,Hawaiian Elec IndustHEB,Hemispherx BiopharmaHEES,H & E Equipment ServHEI.A,Heico Corp NewHELE,Helen Of Troy Corp LHEOP,Heritage Oaks BancorHEP,Holly Energy PartnerHEPH,Hollis-Eden PharmaceHERO,Hercules Offshore InHES,Hess CorpHEV,Ener1 IncHEW,Hewitt Assocs IncHEWA,Healthwarehouse.ComHF,Hff IncHFWA,Heritage Finl Corp WHGG,Hhgregg IncHGIC,Harleysville Group IHGR,Hanger Orthopedic GrHGRD,Health Grades IncHGSI,Human Genome ScienceHGT,Hugoton Rty Tr TexHH,Hooper Holmes IncHHGP,Hudson Highland GrouHHS,Harte-Hanks IncHI,Hillenbrand IncHIBB,Hibbett Sports IncHIG,Hartford Finl Svcs GHIL,Hill International IHILL,Dot Hill Sys CorpHITK,Hi-Tech Pharmacal InHITT,Hittite Microwave CoHIW,Highwoods Pptys IncHK,Petrohawk Energy CorHKN,Hkn IncHL,Hecla Mng CoHLCS,Helicos Biosciences CorHLF,Herbalife LtdHLIT,Harmonic LightwavesHLS,Healthsouth CorpHLX,Helix Energy SolutioHLYS,Heelys IncHMA,Health Mgmt Assoc InHME,Home Pptys IncHMN,Horace Mann EducatorHMNF,Hmn Finl IncHMPR,Hampton Roads BankshHMSY,Hms Hldgs CorpHNAB,Hana Biosciences IncHNBC,Harleysville Natl PaHNI,Hni CorpHNR,Harvest Natural ResoHNSN,Hansen Medical IncHNT,Health Net Inc.HNZ,Heinz H J CoHOC,Holly CorpHOFT,Hooker Furniture CorHOG,Harley Davidson IncHOKU,Hoku Scientific IncHOLL,Hollywood Media CorpHOLX,Hologic IncHOMB,Home Bancshares IncHOME,Home Fed Bancorp Inc MdHOMS,Homeland Sec Cap CorpHON,Honeywell Intl IncHOOK,Craft Brewers AllianceHOS,Hornbeck Offshore SvHOT,Starwood Hotels&ResoHOTT,Hot Topic IncHOV,Hovnanian EnterpriseHP,Helmerich & Payne InHPOL,Harris Interactive IHPQ,Hewlett Packard CoHPT,Hospitality Pptys TrHPY,Heartland Pmt Sys InHQS,Hq Sustainable MaritHR,Healthcare Rlty TrHRB,Block H & R IncHRC,Hill Rom Hldgs IncHRG,Harbinger Group IncHRL,Hormel Geo A & CoHRLY,Herley Inds IncHRP,Hrpt Pptys TrHRS,Harris Corp DelHRT,Arrhythmia Resh TechHRZ,Horizon Lines IncHRZB,Horizon Finl Corp WaHS,Healthspring IncHSC,Harsco CorpHSIC,Schein Henry IncHSII,Heidrick & StrugglesHSKA,Heska CorpHSNI,Hsn IncHSP,Hospira IncHST,Host Hotels & ResortsHSTM,Healthstream IncHSWI,Hsw International IncHSY,Hershey Foods CorpHT,Hersha Hospitality THTBK,Heritage Commerce CoHTCH,Hutchinson TechnologHTCO,Hickory Tech CorpHTH,Hilltop Holdings IncHTLD,Heartland Express InHTLF,Heartland Finl Usa IHTM,U S Geothermal IncHTRN,Healthtronics IncHTS,Hatteras Finl CorpHTZ,Hertz Global HoldingHUB.B,Hubbell IncHUBG,Hub Group IncHUGH,Hughes CommunicationHUM,Humana IncHUN,Huntsman CorpHURC,Hurco Mfg IncHURN,Huron Consulting GroHUSA,Houston Amern EnergyHVT,Haverty Furniture InHW,Headwaters IncHWAY,Healthways IncHWBK,Hawthorn Bancshares IncHWCC,Houston Wire & CableHWFG,Harrington West FinlHWG,Hallwood Group IncHWK,Hawk CorpHWKN,Hawkins IncHXL,Hexcel Corp NewHYC,Hypercom CorpHYTM,Hythiam IncHZO,Marinemax IncIAAC,International AssetsIACI,Iac InteractivecorpIAO,Ia Global IncIART,Integra LifesciencesIBCA,Intervest BancsharesIBCP,Independent Bk CorpIBI,Interline Brands IncIBKC,Iberiabank CorpIBKR,Interactive Brokers GroIBM,Intl Business MchnIBNK,Integra Bk CorpIBOC,International BncshrICAD,Icad IncICE,IntercontinentalexchICFI,Icf Intl IncICGE,Internet Cap Group IICGN,Icagen IncICH,Investors Cap HldgsICO,International Coal GICOC,Ico Hldgs IncICOG,Ico Global Comm HldgICON,Iconix Brand Group IICOP,Icop Digital IncICTG,Ict Group IncICUI,Icu Med IncICXT,Icx Technologies IncID,L-1 Identity SolutioIDA,Idacorp IncIDC,Interactive Data CorIDCC,Interdigital IncIDIX,Idenix PharmaceuticaIDN,Intelli-Check IncIDRA,Idera PharmaceuticalIDSA,Industrial Svcs AmerIDSY,I D Systems IncIDT,Idt CorpIDTI,Integrated Device TeIDXX,Idexx Labs IncIEC,Iec Electrs Corp NewIEP,Icahn Enterprises LpIESC,Integrated ElectricaIEX,Idex CorpIFC,Irwin Finl CorpIFF,International Flav&FIFLG,Infologix IncIFON,Infosonics CorpIFSI.A,Interface FlooringIG,Igi IncIGOI,Igo IncIGT,International GameIGTE,Igate Capital CorpIHC,Independence Hldg CoIHS,Ihs IncIIG,Imergent IncIII,Information ServicesIIIN,Insteel Inds IncIILG,Interval Leisure GroupIIN,Intricon CorpIIVI,Ii Vi IncIKAN,Ikanos CommunicationILI,Interleukin GeneticsILMN,Illumina IncIM,Ingram Micro IncIMA,Inverness Med InnovaIMGN,Immunogen IncIMKT.A,Ingles Mkts IncIMM,Immtech Intl IncIMMR,Immersion CorpIMMU,Immunomedics IncIMN,Imation CorpIMSC,Implant Sciences CorIN,Intermec IncINAP,Internap Network SvcINCB,Indiana Community BancoINCY,Incyte PharmaceuticaINDB,Independent Bk Cp MaINDM,United Amer IndemnitINET,Internet Brands IncINFA,Informatica CorpINFI,Infinity PharmaceutiINFN,Infinera CorporationINHX,Inhibitex IncININ,Interactive IntelligINMD,Integramed Amer IncINO,Inovio Biomedical CoINOC,Innotrac CorpINOD,Innodata CorpINPH,Interphase CorpINS,Intelligent Sys CorpINSM,Insmed IncINSP,Infospace IncINSU,Insituform TechnologINSV,Insite Vision IncINT,World Fuel Svcs CorpINTC,Intel CorpINTT,Intest CorpINTU,IntuitINTX,Intersections IncINUV,Inuvo IncINVC,Innovative Card TechINVE,Scm Microsystems IncINWK,Innerworkings IncINXI,Inx IncIO,Ion Geophysical CorpIP,International PaperIPAR,Inter Parfums IncIPAS,Ipass IncIPCC,Infinity Ppty & CasIPCM,Ipc The Hospitalist CoIPG,Interpublic Group CoIPGP,Ipg Photonics CorpIPHS,Innophos Holdings InIPI,Intrepid Potash IncIPII,Imperial Inds IncIPSU,Imperial Sugar Co NeIPT,Iparty CorpIRBT,Irobot CorpIRC,Inland Real Estate CIRET,Investors Real EstatIRF,International RectifIRIS,Iris Intl IncIRIX,Iridex CorpIRM,Iron Mtn Inc DelIRSN,Irvine Sensors CorpISBC,Investors Bancorp InISCA,International SpeedwISH,International ShiphoISIG,Insignia Sys IncISIL,Intersil Hldg CorpISIS,Isis PharmaceuticalsISLE,Isle Of Capris CasinISLN,Isilon Sys IncISNS,Image Sensing Sys InISPH,Inspire PharmaceuticISR,Isoray IncISRG,Intuitive Surgical IISSC,Innovative SolutionsISSI,Integrated Silicon SISTA,Ista PharmaceuticalsISYS,Integral Sys Inc MdIT,Gartner Group Inc NeITC,Itc Hldgs CorpITG,Investment TechnologITI,Iteris IncITIC,Investors Title CoITMN,Intermune IncITRI,Itron IncITT,Itt Inds Inc IndITW,Illinois Tool Wks InIUSA,Infogroup IncIVA,Valuerich IncIVAC,Intevac IncIVC,Invacare CorpIVD,Ivax Diagnostics IncIVR,Invesco Mortgage CapitaIVZ,Invesco LtdIWA,Iowa Telecomm ServicIXYS,Ixys CorpJACK,Jack In The Box IncJACO,Jaco Electrs IncJAH,Jarden CorpJAKK,Jakks Pac IncJAS,Jo-Ann Stores IncJAV,Javelin PharmaceuticJAX,J Alexander CorpJAZZ,Jazz Pharmaceuticals InJBHT,Hunt J B Trans SvcsJBL,Jabil Circuit IncJBLU,Jetblue Awys CorpJBSS,Sanfilippo John B &JBT,John Bean TechnologiesJCG,J Crew Group IncJCI,Johnson Ctls IncJCOM,J2 Global CommunicatJCP,Jc Penney CoJCS,Communications SysJDAS,Jda Software Group IJDSU,Jds Uniphase CorpJEC,Jacobs Engr Group InJEF,Jefferies Group IncJEN,Jennifer Convs IncJERT,Jer Invt Tr IncJFBI,Jefferson BancsharesJJSF,J & J Snack Foods CoJKHY,Henry Jack & Assoc IJLI,Jesup & Lamont IncJLL,Jones Lang Lasalle IJMAR,Jmar Inds IncJMBA,Jamba IncJMP,Jmp Group IncJNJ,Johnson & JohnsonJNPR,Juniper NetworksJNS,Janus Cap Group IncJNY,Jones Apparel GroupJOB,General EmploymentJOE,St Joe CorpJOEZ,Joes Jeans IncJOSB,Jos A Bank ClothiersJOUT,Johnson Outdoors IncJOYG,Joy Global IncJPM,J P Morgan Chase & CJRCC,James River Coal CoJRN,Journal CommunicatioJSDA,Jones Soda CoJTX,Jackson Hewitt Tax SJVA,Coffee Hldgs IncJW.A,Wiley John & Sons InJWN,Nordstrom IncK,Kellogg CoKAD,Arcadia Res IncKAI,Kadant IncKALU,Kaiser Aluminum CorpKAMN,Kaman CorpKAR,Kar Auction Svcs IncKBAL.B,Kimball Intl IncKBH,Kb HomeKBR,Kbr IncKBW,Kbw IncKCI,Kinetic Concepts IncKCLI,Kansas City Life InsKCP,Cole Kenneth ProdtnsKDE,4 Kids Entmt IncKDN,Kaydon CorpKEG,Key Energy Svcs IncKEI,Keithley Instrs IncKELY.A,Kelly Svcs IncKEQU,Kewaunee ScientificKERX,Keryx BiopharmaceutiKEX,Kirby Expl Co.KEY,KeycorpKEYN,Keynote Sys IncKFED,K Fed BancorpKFFB,Kentucky First Fed BKFN,Kkr Financial Hldgs LlcKFRC,Kforce Com IncKFT,Kraft Foods IncKFY,Korn Ferry IntlKG,King PharmaceuticalsKID,Kid Brands IncKIM,Kimco Realty CorpKIRK,Kirklands IncKKD,Krispy Kreme DoughnuKLAC,Kla-Tencor CorpKLIC,Kulicke & Soffa IndsKMB,Kimberly Clark CorpKMGB,Kmg-B IncKMP,Kinder Morgan EnergyKMR,Kinder Morgan ManageKMT,Kennametal IncKMX,Carmax IncKND,Kindred Healthcare IKNDL,Kendle InternationalKNL,Knoll IncKNOL,Knology IncKNOT,Knot IncKNSY,Kensey Nash CorpKNX,Knight Transn IncKNXA,Kenexa CorpKO,Coca Cola CoKOG,Kodiak Oil & Gas CorKONA,Kona Grill IncKOOL,Thermogenesis CorpKOP,Koppers Holdings IncKOPN,Kopin CorpKR,Kroger CoKRA,Kraton Performance PolyKRC,Kilroy Rlty CorpKRG,Kite Rlty Group TrKRNY,Kearny Finl CorpKRO,Kronos Worldwide IncKS,Kapstone Paper & PacKSP,K Sea Transn PartnerKSS,Kohls CorpKSU,Kansas City SouthnKSW,Ksw IncKSWS,K-Swiss IncKTCC,Key Tronics CorpKTEC,Key Technology IncKTII,K Tron Intl IncKTOS,Kratos Defense & Sec SoKV.A,K V Pharmaceutical CKVHI,Kvh Inds IncKWK,Quicksilver ResourceKWR,Quaker Chem CorpL,Loews CorpLAB,Labranche & Co IncLABC,Louisiana Bancorp IncLABL,Multi Color CorpLACO,Lakes Gaming IncLAD,Lithia Mtrs IncLAKE,Lakeland Inds IncLAMR,Lamar Advertising CoLANC,Lancaster Colony CorLAVA,Magma Design AutomatLAWE,Law Enforcement AssoLAWS,Lawson Prods IncLAYN,Layne IncLAZ,Lazard LtdLB,La Barge IncLBAI,Lakeland Bancorp IncLBTYA,Liberty Global IncLBY,Libbey IncLCAP.A,Liberty Media CapLCAV,Lca-Vision IncLCC,U S Airways Group InLCI,Lannet IncLCRD,Lasercard CorpLCRY,Lecroy CorpLCUT,Lifetime Brands IncLDIS,Leadis Technology InLDL,Lydall IncLDR,Landauer IncLDSH,Ladish IncLEAP,Leap Wireless Intl ILECO,Lincoln Elec Hldgs ILECT,Lectec CorpLEDR,Market Leader IncLEE,Lee Enterprises IncLEG,Leggett & Platt IncLEGC,Legacy Bancorp IncLEI,Lucas Energy IncLEN,Lennar Corp- Cl ALENQ,Lenox Group IncLF,Leapfrog EnterprisesLFUS,Littelfuse IncLG,Laclede Group IncLGCY,Legacy Reserves LpLGN,Lodgian IncLGND,Ligand PharmaceuticaLH,Laboratory Corp AmerLHCG,Lhc Group IncLHO,Lasalle Hotel PptysLIFE,Life Technologies CorpLII,Lennox Intl IncLIME,Lime Energy CoLINC,Lincoln Edl Svcs CorLINE,Linn Energy LlcLINT.A,Liberty Media IntLION,Fidelity Southn CorpLIOX,Lionbridge TechnologLIZ,Liz ClaiborneLJPC,La Jolla PharmaceutiLKFN,Lakeland Finl CorpLKQX,Lkq CorpLL,Lumber Liquidators HldgLLL,L-3 Communications HLLNW,Limelight Networks IncLLTC,Linear Technology CoLLY,Eli Lilly & CoLM,Legg Mason IncLMAT,Lemaitre Vascular InLMIA,Lmi Aerospace IncLMNX,Luminex Corp DelLMT,Lockheed Martin CorpLNBB,Lnb Bancorp IncLNC,Lincoln Natl Corp InLNCE,Lance IncLNCR,Lincare Hldgs IncLNDC,Landec CorpLNET,Lodgenet Entmt CorpLNG,Cheniere Energy IncLNN,Lindsay Mfg CoLNT,Alliant CorpLNUX,Geeknet IncLNY,Landrys RestaurantsLO,Lorillard IncLOCM,Local Com CorpLOGC,Logic Devices IncLOGM,Logmein IncLOJN,Lo-Jack CorpLOOK,Looksmart LtdLOOP,Loopnet IncLOPE,Grand Canyon Ed IncLORL,Loral Space & CommunLOV,Spark Networks IncLOW,Lowes Cos IncLPAD,Lapolla Inds IncLPHI,Life Partners HoldinLPNT,Lifepoint HospitalsLPS,Lender Processing SvcsLPSN,Liveperson IncLPTH,Lightpath TechnologiLPX,Louisiana Pac CorpLQDT,Liquidity Services ILRCX,Lam Resh CorpLRN,K12 IncLRY,Liberty Ppty TrLSCC,Lattice SemiconductoLSE,Capital Lease Fdg InLSI,Lsi Logic CorpLSTR,Landstar Sys IncLSTZ.A,Liberty Media Lib StarLTC,Ltc Pptys IncLTD,Limited Brands IncLTM,Life Time Fitness InLTRE,Learning Tree Intl ILTRX,Lantronix IncLTS,Ladenburg Thalman FiLTXC,Ltx-Credence CorpLUB,Lubys IncLUFK,Lufkin Inds IncLUK,Leucadia Natl CoLUNA,Luna InnovationsLUV,Southwest Airls CoLVB,Steinway Musical InsLVLT,Level 3 CommunicatioLVS,Las Vegas Sands CorpLVWR,Livewire Mobile IncLWAY,Lifeway Foods IncLWSN,Lawson Software IncLXK,Lexmark Intl Inc.LXP,Lexington Corp PptysLXRX,Lexicon Genetics IncLXU,Lsb Inds IncLYRI,Lyris IncLYTS,Lsi Inds IncLYV,Live Nation IncLZ,Lubrizol CorpLZB,La Z Boy IncLZR,Emergent Group Inc NM,Macys Inc.MA,Mastercard IncMAA,Mid-Amer Apt CmntysMAC,Macerich CoMACE,Mace Sec Intl IncMAG,Magnetek IncMAKO,Mako Surgical CorpMALL,Pc Mall IncMAM,Maine & Maritimes CoMAN,Manpower IncMANH,Manhattan Assocs IncMANT,Mantech Intl CorpMAPP,Map Pharmaceuticals IncMAR,Marriott Intl Inc NeMAS,Masco CorpMASC,Material Sciences CoMASI,Masimo CorpMAT,Mattel IncMATK,Martek Biosciences CMATW,Matthews Intl CorpMAXY,Maxygen IncMBFI,Mb Financial Inc NewMBHI,Midwest Banc HoldingMBI,Mbia IncMBLX,Metabolix IncMBND,Multiband CorpMBR,Mercantile Bancorp IMBRG,Middleburg FinancialMBRK,Middlebrook PharmaceutiMBTF,Mbt Finl CorpMBVT,Merchants Bkshrs NewMBWM,Mercantile Bank CorpMCBC,Macatawa Bk CorpMCBF,Monarch Community BaMCBI,Metrocorp BancsharesMCCC,Mediacom CommunicatiMCD,Mcdonalds CorpMCF,Contango Oil & Gas CMCHP,Microchip TechnologyMCHX,Marchex IncMCK,Mckesson Hboc IncMCO,Moodys CorpMCRI,Monarch Casino & ResMCRL,Micrel IncMCRS,Micros Sys IncMCS,Marcus CorpMCTI,Micro Component TechMCY,Mercury Genl Corp NeMD,Mednax IncMDAS,Medassets IncMDC,M D C Corp ColoMDCI,Medical Action Ind IMDCO,Medicines CoMDF,Metropolitan HealthMDH,Mhi Hospitality CorpMDP,Meredith CorpMDR,Mcdermott IntlMDRX,Allscripts HealthcarMDS,Midas Group IncMDSO,Medidata Solutions IncMDT,Medtronic IncMDTH,Medcath CorpMDTL,Medis Technologies LMDU,Mdu Res Group IncMDVN,Medivation IncME,Mariner Energy IncMEA,Metalico IncMEAD,Meade Instruments CorpMEAS,Measurement SpecialtMED,Medifast IncMEDQ,Medquist IncMEDW,Mediware InformationMEE,Massey Energy CorpMEG,Media Gen IncMEI,Methode Electrs IncMELA,Electro Optical ScieMEMS,Memsic IncMEND,Micrus EndovascularMENT,Mentor Graphics CorpMERR,Merriman Curhan Ford GrMERX,Merix CorpMESA,Mesa Air Group IncMET,Metlife IncMETR,Metro Bancorp Inc PaMF,Mf Global Hldgs LtdMFA,Mfa Mtg Invts IncMFB,Maidenform Brands InMFE,Mcafee IncMFI,Microfinancial IncMFLX,Multi Fineline ElectMFRI,Mfri IncMFSF,Mutualfirst Finl IncMFW,M & F Worldwide CorpMG,Mistras Group IncMGAM,Multimedia Games IncMGEE,Mge Energy IncMGI,Moneygram Intl IncMGLN,Magellan Health SvcsMGM,Mgm Mirage IncMGN,Mines Mgmt CoMGPI,Mgp Ingredients IncMGRC,Mcgrath RentcorpMHAN,Manhattan PharmaceutMHGC,Morgans Hotel GroupMHH,Mastech Holdings IncMHK,Mohawk Inds IncMHLD,Maiden Holdings LtdMHO,M/I HomesMHP,Mcgraw Hill IncMHR,Magnum Hunter Res CorpMHS,Medco Health SolutioMI,Marshall & Ilsley CoMIC,Macquarie InfrastrucMIDD,Middleby CorpMIG,Meadowbrook Ins GrouMIGP,Mercer Ins Group IncMIL,Millipore CorpMIND,Mitcham Inds IncMINI,Mobile MiniMIPI,Molecular Insight PhMIPS,Mips Technologies InMIR,Mirant Corp NewMITI,Micromet IncMJN,Mead Johnson NutritionMKC,Mccormick & Co IncMKL,Markel CorpMKSI,Mks Instrument IncMKTX,Marketaxess Hldgs InMKTY,Mechanical Technology IMLAB,Mesa Labs IncMLHR,Miller Herman IncMLI,Mueller Inds IncMLM,Martin Marietta MatlMLNK,Moduslink Global SolutiMLP,Maui Ld & PineappleMLR,Miller Inds Inc TennMLSS,Milestone ScientificMMC,Marsh & Mclennan CosMMG,Metalline Mining IncMMLP,Martin Midstream PrtMMM,3m CoMMP,Magellan MidstreamMMPI.Q,Meruelo Maddux PropeMMR,Mcmoran ExplorationMMRF,Mmr Information Sys IncMMS,Maximus IncMMSI,Merit Med Sys IncMMUS,Makemusic IncMNI,Mcclatchy NewspapersMNKD,Mannkind CorpMNOV,Medicinova IncMNRK,Monarch Financial HoMNRO,Monro Muffler BrakeMNRT.A,Monmouth Rl Est In SMNTA,Momenta PharmaceuticMNTG,Mtr Gaming Group IncMNTX,Manitek Intl IncMO,Altria Group IncMOC,Command Sec CorpMOCO,Mocon IncMOD,Modine Mfg CoMOFG,Midwestone Finl Group IMOG.A,Moog Inc 'a'MOH,Molina Healthcare InMOLX,Molex IncMON,Monsanto Co NewMORN,Morningstar IncMOS,Mosaic CoMOSY,Mosys IncMOT,Motorola IncMOV,Movado Group IncMOVE,Move Inc ComMPAA,Motorcar Parts & AccMPAC,Mod Pac CorpMPET,Magellan Pete CorpMPG,Maguire Pptys IncMPR,Met Pro CorpMPW,Medical Pptys TrustMPWR,Monolithic Pwr Sys IMPX,Marine Prods CorpMRCY,Mercury Computer SysMRGE,Merge Healthcare IncMRH,Montpelier Re HoldinMRK,Merck & Co Inc NewMRLN,Marlin Business SvcsMRM.Z,Merrrimac Inds IncMRNA,Mdrna IncMRO,Marathon Oil CorpMRT,Mortons Restaurant GMRTN,Marten Trans LtdMRVC,Mrv Communications IMRVL,Marvell Technology GMRX,Medicis PharmaceuticMS,Morgan StanleyMSA,Mine Safety AppliancMSCC,MicrosemiconductorMSEX,Middlesex Water CoMSFG,Mainsource FinancialMSFT,Microsoft CorpMSII,Media Sciences IntlMSL,Midsouth BancorpMSM,Msc Indl Direct IncMSN,Emerson Radio CorpMSO,Martha Stewart LivinMSON,Misonix IncMSPD,Mindspeed TechnologiesMSSR,Mccormick & SchmicksMSTR,Microstrategy IncMSW,Mission West Pptys IMTB,M & T Bk CorpMTD,Mettler Toledo InterMTEX,Mannatech IncMTG,Mgic Invt Corp WisMTH,Meritage CorpMTN,Vail Resorts IncMTOX,Medtox Scientific InMTRX,Matrix Svc CoMTSC,Mts Sys CorpMTSN,Mattson Technology IMTW,Manitowoc IncMTX,Minerals TechnologieMTXX,Matrixx InitiativesMTZ,Mastec IncMU,Micron Technology InMUR,Murphy Oil CorpMVIS,Microvision Inc WashMW,Mens Wearhouse IncMWA,Mueller Wtr Prods InMWE,Markwest Energy PartMWIV,Mwi Veterinary SupplMWV,Meadwestvaco CorpMWW,Monster Worldwide InMXB,Msci IncMXC,Mexco Energy CorpMXGL,Max Re Capital Ltd HMXIM,Maxim Integrated ProMXWL,Maxwell TechnologiesMYE,Myers Inds IncMYGN,Myriad Genetics IncMYL,Mylan Labs IncMYRG,Myr Group Inc DelMYRX,Myriad PharmaceuticalsN,Netsuite IncNABI,Nabi BiopharmaceuticNADX,National Dentex CorpNAFC,Nash Finch CoNAII,Natural AlternativesNAL,Newalliance BancsharNANO,Nanometrics IncNANX,Nanophase TchnologieNARA,Nara Bancorp IncNASB,Nasb Finl IncNASM,North Amern ScientificNATH,Nathans Famous Inc NNATI,National Instrs CorpNATL,National InterstateNAV,Navistar Intl Corp NNAVG,Navigators Group IncNAVI,Navisite IncNAVR,Navarre CorpNBBC,Newbridge BancorpNBF,Nova Biosource FuelsNBIX,Neurocrine BiosciencNBL,Noble Energy IncNBR,Nabors Industries LtNBS,Neostem IncNBTB,Nbt Bancorp IncNBY,Novabay PharmaceuticalsNC,Nacco Inds IncNCI,Navigant ConsultingNCIT,Nci IncNCMI,National Cinemedia INCOC,National Coal CorpNCR,Ncr Corp NewNCS,Nci Building Sys IncNCT,Newcastle Invt CorpNDAQ,Nasdaq Stock MartketNDN,99 Cents Only StoresNDSN,Nordson CorpNEBS,New England BancsharNEM,Newmont Mng Corp HldNENG,Network Engines IncNEOG,Neogen CorpNEOM,Neomedia TechnologieNEOP,Neoprobe CorpNEPH,Nephros IncNEST,Nestor IncNETL,Netlogic MicrosystemNEU,Newmarket CorpNEWP,Newport CorpNEWS,Newstar Financial InNEWT,Newtek Cap IncNEXM,Nexmed IncNEXS,Nexxus Lighting IncNFBK,Northfield Bancorp IncNFG,National Fuel Gas CoNFLX,Netflix Com IncNFP,National Finl PartneNFX,Newfield Expl CoNGA,North Amern GalvanznNGAS,Ngas Resources IncNGBF,New Generation BiofuelsNGEN,Nanogen IncNGLS,Targa Resources PartNGS,Natural Gas ServicesNGSX,Neurogesx IncNHC,National HealthcareNHI,National Health InvsNHP,Nationwide Health PpNHTB,New Hampshire ThriftNHWK,Nighthawk RadiologyNI,Nisource IncNIHD,Nii Hldgs IncNILE,Blue Nile IncNITE,Knight Capital GroupNJR,New Jersey ResNKE,Nike IncNKSH,National BanksharesNKTR,Nektar TherapeuticsNL,Nl Inds IncNLC,Nalco Holding CompanNLCI,Nobel Learning CmntyNLS,Nautilus Group IncNLST,Netlist IncNLTX,Nile Therapeutics IncNLY,Annaly Mtg Mgmt IncNMM,Navios Maritime PartnerNMRX,Numerex Corp N YNMTI,Nmt Med IncNNBR,Nn IncNNI,Nelnet IncNNN,National Retail PropNOC,Northrop CorpNOG,Northern Oil & Gas IncNOIZ,Micronetics WirelessNOOF,New Frontier Media INOV,National-Oilwell IncNOVA,Novamed Eyecare IncNOVB,North Valley BancorpNOVL,Novell IncNP,Neenah Paper IncNPBC,Natl Penn BancsharesNPK,National Presto IndsNPLA,Inplay TechnologiesNPO,Enpro Inds IncNPSP,Nps PharmaceuticalsNR,Newpark Res IncNRCI,National Research CoNRF,Northstar Rlty Fin CNRG,Nrg Energy IncNRGP,Inergy Hldgs L PNRGY,Inergy L PNRIM,Northrim Bancorp IncNRP,Natural Resource ParNS,Nustar Energy LpNSC,Norfolk Southern CorNSFC,Northern Sts Finl CoNSH,Nustar Gp Holdings LlcNSIT,Insight EnterprisesNSM,National SemiconductNSPH,Nanosphere IncNSR,Neustar IncNSSC,Napco Sec Sys IncNST,NstarNTAP,Netapp IncNTCT,Netscout Sys IncNTGR,Netgear IncNTIC,Northern Tech Intl CNTII,Neurobiologial Tech IncNTLS,Ntelos Hldgs CorpNTN,Ntn Communications INTRI,Nutri Sys Inc NewNTRS,Northern Tr CorpNTSC,National TechnicalNTWK,Netsol TechnologiesNTY,Nbty IncNU,Northeast UtilsNUAN,Nuance CommunicationNUE,Nucor CorpNUHC,Nu Horizons ElectrsNURO,Neurometrix IncNUS,Nu Skin EnterprisesNUTR,Nutraceutical Intl CNUVA,Nuvasive IncNVAX,Novavax IncNVDA,Nvidia CorpNVDL,Novadel Pharma IncNVE,Nv Energy IncNVEC,Nve CorpNVIC,N-Viro Intl CorpNVLS,Novellus Sys IncNVR,Nvr IncNVTL,Novatel Wireless IncNWBI,Northwest Bancshares InNWBO,Northwest BiotherapeutiNWE,Northwestern CorpNWFL,Norwood Financial CoNWK,Network Equip TechnoNWL,Newell Rubbermaid InNWLI,National Westn LfeNWN,Northwest Nat Gas CoNWPX,Northwest Pipe CoNWSA,News Corp LtdNWY,New York & Co IncNX,Quanex Building ProductNXST,Nexstar BroadcastingNXTM,Nxstage Medical IncNXXI,Nutrition 21 IncNYB,New York Cmnty BancoNYER,Nyer Med Group IncNYM,Nymagic IncNYMT,New York Mtg Tr IncNYNY,Empire Resorts IncNYT,New York Times CoNYX,Nyse EuronextO,Realty Income CorpOB,Onebeacon InsuranceOBCI,Ocean Bio Chem IncOC,Owens Corning NewOCCF,Optical Cable CorpOCFC,Oceanfirst Finl CorpOCLR,Oclaro IncOCLS,Oculus Innovative ScOCN,Ocwen Finl CorpOCNF,Oceanfreight IncOCNW,Occam Networks IncOCR,Omnicare IncODC,Oil Dri Corp AmerODFL,Old Dominion Fght LiODP,Office Depot IncODSY,Odyssey Healthcare IOEH,Orient-Express HotelOESX,Orion Energy Systems InOFC,Corporate Office PptOFG,Oriental Finl GroupOFI,Overhill Farms IncOFIX,Orthofix Intl N VOFLX,Omega Flex IncOGE,Oge Energy CorpOGXI,Oncogenex PharmaceuticaOHB,Orleans HomebuldersOHI,Omega Healthcare InvOI,Owens Ill IncOICO,O I CorpOII,Oceaneering Intl IncOIS,Oil Sts Intl IncOKE,Oneok Inc NewOKS,Oneok Partners LpOKSB,Southwest Bancorp InOLN,Olin CorpOLP,One Liberty FirestonOMC,Omnicom GroupOMCL,Omnicell IncOME,Omega Protein CorpOMER,Omeros CorpOMEX,Odyssey Marine ExploOMG,Om Group IncOMI,Owens & Minor Inc NeOMN,Omnova Solutions IncOMNI,Omni Energy ServicesOMPI,Obagi Medical ProducOMX,Officemax Inc DelONB,Old Natl Bancp IndONNN,On Semiconductor CorONSM,Onstream Media CorpONT,On2 Com IncONVI,Onvia Com IncONXX,Onyx PharmaceuticalsOPEN,Opentable IncOPK,Opko Health IncOPLK,Oplink CommunicationOPNT,Opnet Technologies IOPOF,Old Point Finl CorpOPTC,Optelecom IncOPTR,Optimer PharmaceuticOPTT,Ocean Pwr TechnologiesOPTV,Opentv CorpOPWV,Openwave Sys IncOPXA,Opexa Therapeutics IOPXT,Opnext IncORA,Ormat Technologies IORB,Orbital Sciences CorORBC,Orbcomm IncORBT,Orbit Intl CorpORCC,Online Res & CommuniORCD,Orchard Enterprises IncORCH,Orchid Cellmark IncORCL,Oracle Systems CorpOREX,Orexigen Therapeutics IORI,Old Rep Intl CorpORIT,Oritani Finl CorpORLY,O Reilly AutomotiveORN,Orion Marine Group IncORXE,Ore Pharmaceutical HldgOSBC,Old Second Bancorp IOSCI,Oscient PharmaceuticOSG,Overseas ShipholdngOSIP,Osi PharmaceuticalsOSIR,Osiris TherapeuticsOSIS,Osi Systems IncOSK,Oshkosh Truck CorpOSTE,Osteotech IncOSTK,Overstock Com Inc DeOSUR,Orasure TechnologiesOTIX,Otix Global IncOTTR,Otter Tail CorpOUTD,Outdoor Channel HldgOVRL,Overland Storage IncOVTI,Omnivision TechnologOWW,Orbitz Worldwide IncOXGN,Oxigene IncOXM,Oxford Inds IncOXPS,Optionsxpress HldgsOXY,Occidental Pete CorpOYOG,Oyo Geospace CorpOZM,Och Ziff Cap Mgmt GroupOZRK,Bank Of The Ozarks IPAA,Plains All Amern PipPABK,Pab Bankshares IncPACR,Pacer Intl Inc TennPACW,Pacwest Bancorp DelPAET,Paetec Holding CorpPAG,Penske Automotive Grp IPALM,Palm Inc NewPANC,Panacos PharmaceuticPANL,Universal Display CoPAR,3par IncPARD,Poniard PharmaceuticPARL,Parlux Fragrances InPAS,Pepsiamericas IncPATK,Patrick Inds IncPATR,Patriot Transn HldgPAY,Verifone Hldgs IncPAYX,Paychex IncPBCI,Pamrapo Bancorp IncPBCT,Peoples United FinanciaPBG,Pepsi-Cola BottlingPBH,Prestige Brands HldgPBI,Pitney Bowes IncPBIB,Porter Bancorp IncPBIO,Pressure BiosciencesPBIP,Prudential Bancorp IPBNY,Provident New York BPBY,Pep Boys Manny Moe&JPCAR,Paccar IncPCBC,Pacific Cap BancorpPCBK,Pacific ContinentalPCC,Pmc Coml TrPCCC,P C ConnectionPCG,Pg&E CorpPCH,Potlatch Corp NewPCL,Plum Creek Timber CoPCLN,Priceline Com IncPCP,Precision CastpartsPCS,Metropcs CommunicatiPCTI,Pc-Tel IncPCU,Southern Copper CorpPCX,Patriot Coal CorpPCYC,Pharmacyclics IncPCYO,Purecycle CorpPDC,Pioneer Drilling CoPDCO,Patterson CompaniesPDE,Pride Intl Inc DelPDEX,Pro-Dex Inc ColoPDFS,Pdf Solutions IncPDGE,Pdg Environmental InPDII,Pdi IncPDLI,Pdl Biopharma IncPDMI,Paradigm Med Inds Inc DPDO,Pyramid Oil CoPDRT,Particle Drilling TePEB,Pebblebrook Hotel TrPEBK,Peoples Bk N CPEBO,Peoples Bancorp IncPEET,Peets Coffee & Tea IPEG,Public Svc EnterprisPEGA,Pegasystems IncPEI,Pennsylvania Rl EstPEIX,Pacific Ethanol IncPENN,Penn Natl Gaming IncPENX,Penford CorpPEP,Pepsico IncPERF,Perfumania Hldgs IncPERY,Ellis Perry Intl IncPESI,Perma-Fix EnvironmenPETD,Petroleum Dev CorpPETM,Petsmart IncPETS,Petmed Express IncPFBC,Prefered Bk Los AngePFBI,Premier Finl BancorpPFBX,Peoples Finl Corp MiPFCB,P F Changs China BisPFE,Pfizer IncPFFB,Pff Bancorp IncPFG,Principal FinancialPFIN,P&F Inds IncPFS,Provident Finl SvcsPFSW,Pfsweb IncPFWD,Phase Forward IncPG,Procter & Gamble CoPGC,Peapack-Gladstone FiPGI,Premiere Global SvcsPGN,Progress Energy IncPGNX,Progenics PharmaceutPGR,Progressive Corp OhiPGTI,Pgt IncPGV,Velocity Portfolio GrouPH,Parker Hannifin CorpPHC,Phc Inc MassPHH,Phh CorpPHHM,Palm Harbor HomesPHII.K,Phi IncPHLI,Pacifichealth LaboraPHM,Pulte Homes CorpPHMD.D,Photomedex IncPHX,Panhandle Royalty CoPICO,Pico Hldgs IncPII,Polaris Inds IncPIKE,Pike Elec CorpPINN,Pinnacle Gas ResourcesPIP,Pharmathene IncPIR,Pier I Imports IncPJC,Piper Jaffray CosPKD,Parker Drilling CoPKE,Park ElectrochemicalPKG,Packaging Corp AmerPKI,Perkinelmer IncPKOH,Park Ohio Hldgs CorpPKT,Procera Networks IncPKY,Parkway Pptys IncPL,Protective Life CorpPLA,Playboy EnterprisesPLAB,Photronic Labs IncPLBC,Plumas BancorpPLCE,Childrens Pl RetailPLCM,Polycom IncPLCS.F,Plc Sys IncPLD,Prologis TrPLFE,Presidential Life CoPLL,Pall CorpPLNR,Planar Sys IncPLPC,Preformed Line ProdsPLT,Plantronics Inc NewPLUG,Plug Power IncPLUS,Eplus IncPLXS,Plexus CorpPLXT,Plx Technology IncPM,Philip Morris Intl IncPMAC.A,Pma Cap CorpPMBC,Pacific Mercantile BPMC,Pharmerica CorpPMCS,Pmc-Sierra IncPMD,Psychemedics CorpPMFG,Pmfg IncPMI,Pmi Group IncPMT,Pennymac Mtg Invt TrPMTC,Parametric TechnologPMTI,Palomar Med TechnoloPNBC,Princeton Natl BancoPNBK,Patriot Natl BancorpPNC,Pnc Financial CorpPNCL,Pinnacle Airl CorpPNFP,Pinnacle Finl PartnePNK,Pinnacle Entmt IncPNM,Pnm Res IncPNNW,Pennichuck CorpPNR,Pentair Inds IncPNRA,Panera Bread CoPNRG,Primeenergy CorpPNS,Pinnacle Data Sys InPNSN,Penson Worldwide IncPNW,Pinnacle West Cap CoPNX,Phoenix Cos Inc NewPNY,Piedmont Nat Gas IncPODD,Insulet CorpPOL,Polyone CorpPOM,Pepco Holdings Inc.PONE,Protection One IncPOOL,Pool CorporationPOPE,Pope Res Del Ltd PrtPOR,Portland Gen Elec CoPOSC,Positron CorpPOWI,Power Integrations IPOWL,Powell Inds IncPOWR,Powersecure Intl IncPOZN,Pozen IncPPBI,Pacific Premier BancPPCO,Penwest PharmaceuticPPD,Pre Paid Legal SvcsPPDI,Pharmaceutical ProdPPG,Ppg Inds IncPPHM,Peregrine PharmaceuticaPPL,Ppl CorpPPO,Polypore Intl IncPPS,Post Pptys IncPQ,Petroquest Energy InPRA,Proassurance CorpPRAA,Portfolio Recovery APRCP,Perceptron IncPRE,Partnerre LtdPRFT,Perficient IncPRGO,Perrigo CoPRGS,Progress Software CoPRGX,Prg-Schultz InternatPRK,Park Natl CorpPRKR,Parkervision IncPRLS,Peerless Sys CorpPRM,Primedia IncPRO,Pros Holdings IncPROJ,Deltek IncPROV,Provident Finl HldgsPRPL,Purple Communications IPRPX,Portec Rail Prods InPRS,Primus Guaranty LtdPRSC,Providence Svc CorpPRSP,Prosperity BancsharePRST,Presstek IncPRTS,U.S. Auto Parts NetwPRU,Prudential Finl IncPRWT,Premierwest BancorpPRX,Par Pharmaceutical CPRXI,Premier Exibitions IPRXL,Parexel Intl CorpPRXM,Proxim Wireless CorpPSA,Public Storage IncPSB,Ps Business Pks IncPSBC,Pacific State BancorPSE,Pioneer Southwst Enrg PPSEM,Pericom SemiconductoPSID,Positiveid CorpPSMT,Pricesmart IncPSS,Collective Brands IncPSSI,Pss World Med IncPSUN,Pacific Sunwear CaliPSYS,Psychiatric SolutionPTC,Par Technology CorpPTEC,Phoenix Technology LPTEK,Pokertek IncPTEN,Patterson Uti EnergyPTIE,Pain Therateutics InPTIX,Performance TechnoloPTN,Palatin TechnologiesPTP,Platinum UnderwriterPTRY,Pantry IncPTSI,P A M Transn Svcs InPTSX,Point 360 NewPTV,Pactiv CorpPULB,Pulaski Finl CorpPURE,Pure BiosciencePVA,Penn Va CorpPVFC,Pvf Capital CorpPVG,Penn Va Gp Hldgs L PPVH,Phillips Van HeusenPVR,Penn Va Resources PaPVSA,Parkvale Finl CorpPVSP,Pervasip CorpPVSW,Pervasive Software IPVTB,Privatebancorp IncPW,Pittsburgh & W Va RrPWAV,Powerwave TechnologiPWER,Power-One IncPWOD,Penns Woods BancorpPWR,Quanta Svcs IncPWX,Providence&WorcestrPX,Praxair IncPXD,Pioneer Nat Res CoPXG,Phoenix Footwear GroPXLW,Pixelworks IncPXP,Plains Expl & ProdtnPYDS,Payment Data Sys IncPZN,Pzena Investment Mgmt IPZZA,Papa Johns Intl IncPZZI,Pizza Inn Inc NewQ,Qwest CommunicationsQADI,Qad IncQBAK,Qualstar CorpQBC,Cubic Energy IncQCCO,Qc Hldgs IncQCOM,Qualcomm IncQCOR,Questor PharmaceuticQCRH,Qcr Holdings IncQDEL,Quidel CorpQDHC,Quadramed CorpQELP,Quest Energy Partners LQEPC,Q E P IncQGLY,Quigley CorpQLGC,Qlogic CorpQLTY,Quality Distr Inc FlQNGP,Quantum Group IncQPSA,Quepasa CorpQRCP,Quest Resource CorpQSFT,Quest Software IncQSII,Quality Sys IncQTM,Quantum-Dlt&StorageQTWW,Quantum Fuel Sys TecQUIK,Quicklogic CorpQUIX,Quixote CorpR,Ryder Sys IncRAD,Rite Aid CorpRADS,Radiant Systems IncRAE,Rae Sys IncRAH,Ralcorp Hldgs Inc NeRAI,Reynolds American InRAIL,Freightcar Amer IncRAME,Ram Energy ResourcesRAS,Rait Invt TrRAVN,Raven Inds IncRAX,Rackspace Hosting IncRBC,Regal Beloit CorpRBCA.A,Republic Bancorp KyRBCN,Rubicon Technology IncRBI,Sport Supply Group IncRBN,Robbins & Myers IncRBNF,Rurban Finl CorpRBPA.A,Royal Bancshares PaRCII,Rent A Ctr Inc NewRCKB,Rockville Finl IncRCKY,Rocky Brands IncRCL,Royal Caribbean CruiRCMT,Rcm Technologies IncRCNI,Rcn CorpRCRC,Rc2 CorpRDC,Rowan Cos IncRDEA,Ardea Biosciences InRDEN,Elizabeth Arden IncRDI,Reading InternationaRDK,Ruddick CorpRDN,Radian Group IncRDNT,Radnet IncRE,Everest Re Group LtdRECN,Resources ConnectionREED,Reeds IncREFR,Research Frontiers CREG,Regency Ctrs CorpREGN,Regeneron PharmaceutREIS,Reis IncRELL,Richardson ElectrsRELV,Reliv Intl IncRENT,Rentrak CorpRES,Rpc IncREV,Revlon IncREVU,Princeton Review IncREXI,Resource America IncREXX,Rex Energy CorporationRF,Regions Finl CorpRFIL,Rf Inds LtdRFMD,Rf Microdevices IncRFMI,Rf Monolithics IncRGA,Reinsurance Group AmerRGC,Regal Entmt GroupRGCI,Regent CommunicationRGCO,Rgc Res IncRGDX,Response Genetics IncRGEN,Repligen CorpRGLD,Royal Gold IncRGN,Regenerx BiopharmaceRGNC,Regency Energy PartnRGR,Sturm Ruger & Co IncRGS,Regis Corp MinnRHB,Rehabcare Group IncRHI,Robert Half Intl IncRHIE,Rhi Entmt Inc DelRHT,Red Hat IncRICK,Ricks Cabaret Intl IRIGL,Rigel PharmaceuticalRIMG,Rimage CorpRISK,Riskmetrics Group IncRIV,Riviera Hldgs CorpRJET,Republic Awys HldgsRJF,Raymond James Finl IRKT,Rock-Tenn CoRL,Polo Ralph Lauren CoRLH,Red Lion Hotels CorpRLI,Rli CorpRLRN,Renaissance LearningRMBS,Rambus Inc DelRMCF,Rocky Mnt ChocolateRMD,Resmed IncRMIX,U S Concrete IncRMKR,Rainmaker SystemsRMTI,Rockwell Medical TecRMTR,Ramtron Intl CorpRMX,Ready Mix IncRNIN,Wireless Ronin TechnRNN,Rexahn PharmaceuticaRNOW,Rightnow TechnologieRNR,Renaissance Re HldgsRNST,Renasant CorpRNWK,Realnetworks IncROAC,Rock Of Ages CorpROC,Rockwood Hldgs IncROCK,Gibraltar Inds IncROCM,Rochester Med CorpRODM,Rodman & Renshaw Cap GpROG,Rogers CorpROHI,Rotech Healthcare InROIA.K,Radio One IncROK,Rockwell AutomationROL,Rollins IncROLL,Rbc Bearings IncROMA,Roma Financial CorpROME,Rome Bancorp Inc NewROP,Roper Inds Inc NewROSE,Rosetta Resources InROST,Ross Stores IncROVI,Rovi CorpROX,Castle Brands IncROYL,Royale Energy IncRPC,Radient PharmaceuticalsRPFG,Rainier Pac Finl GroRPM,Rpm InternationalRPRX,Repros TherapeuticsRPT,Ramco-Gershenson PptRPTP,Raptor Pharmaceutical CRRC,Range Res CorpRRD,Donnelley R R & SonsRRGB,Red Robin Gourmet BuRRI,Rri Energy IncRRR,Rsc Holdings IncRS,Reliance Steel & AluRSC,Rex Stores CorpRSCR,Res-Care IncRSG,Republic Svcs IncRSH,Radioshack CorpRSO,Resource Cap CorpRSOL,Real Goods Solar IncRST,Rosetta Stone IncRSTI,Rofin Sinar TechnoloRSYS,Radisys CorpRT,Ruby Tuesday IncRTEC,Rudolph TechnologiesRTI,Rti Intl Metals IncRTIX,Rti Biologics IncRTK,Rentech IncRTN,Raytheon CoRTYF.Z,Realty Fin CorpRUBO,Rubios Restaurants IRUE,Rue21 IncRURL,Rural / Metro CorpRUSH.A,Rush Enterpises IncRUTH,Ruths Chris Steak HsRVBD,Riverbed TechnologyRVEP,Rio Vista Energy ParRVI,Retail Ventures IncRVP,Retractable TechnoloRVSB,Riverview Bancorp InRWC,Relm Wireless CorpRWT,Redwood Tr IncRX,Ims Health IncRXII,Rxi Pharmaceuticals CorRYL,Ryland Group IncRYN,Rayonier IncRZ,Raser Technologies IS,Sprint Nextel CorpSAAS,Incontact IncSABA,Saba Software IncSAFM,Sanderson Farms IncSAFT,Safety Ins Group IncSAH,Sonic Automotive IncSAI,Saic IncSAIA,Saia IncSALM,Salem CommunicationsSAM,Boston Beer IncSAMB,Sun American BancorpSANM,Sanmina Sci CorpSAPE,Sapient CorpSASR,Sandy Spring BancorpSATC,Satcon Technology CoSATS,Echostar Holding CorpSAVB,Savannah Bancorp IncSBAC,Sba Communications CSBCF,Seacoast Bkg Corp FlSBGI,Sinclair Broadcast GSBH,Sally Beauty Hldgs ISBIB,Sterling BancsharesSBKC,Security Bank CorpSBNY,Signature Bk New YorSBP,Santander BancorpSBSA,Spanish BroadcastingSBSI,Southside BancsharesSBUX,Starbucks CorpSBX,Seabright InsuranceSCBT,Scbt Financial CorpSCG,Scana Corp NewSCHL,Scholastic CorpSCHN,Schnitzer Stl IndsSCHS,School Specialty IncSCHW,Schwab Charles Cp NeSCI,Service Corp IntlSCIL,Scientific LearningSCKT,Socket Mobile IncSCL,Stepan Chem CoSCLD,Steelcloud CoSCLN,Sciclone PharmaceutiSCMF,Southern Cmnty FinlSCMP,Sucampo PharmaceuticalsSCMR,Sycamore Networks IncSCON,Superconductor TechnSCOR,Comscore IncSCS,Steelcase IncSCSC,Scansource IncSCSS,Select Comfort CorpSCVL,Shoe Carnival IncSCX,Starrett L S CoSD,Sandridge Energy IncSDBT,Soundbite CommunicationSDIX,Strategic DiagnosticSDNA,Sedona Corp PaSDXC,Switch & Data IncSE,Spectra Energy CorpSEAC,Seachange Intl IncSEB,Seaboard CorpSEE,Sealed Air Corp NewSEH,Spartech CorpSEIC,Sei CorpSEM,Select Med Hldgs CorpSENE.A,Seneca Foods Corp NeSENO,Senorx IncSEP,Spectra Energy PartnersSF,Stifel Finl CorpSFD,Smithfield Foods IncSFE,Safeguard Scientifics ISFG,Stancorp Finl GroupSFI,Istar Finl IncSFL,Ship Finance InternaSFLY,Shutterfly IncSFN,Spherion CorpSFNC,Simmons First NationSFSF,Successfactors IncSFY,Swift Energy CoSGA,Saga Communications IncSGC,Superior Uniform GrpSGEN,Seattle Genetics IncSGI,Silicon Graphics Intl CSGK,Schawk IncSGMA,Sigmatron Intl IncSGMO,Sangamo BiosciencesSGMS,Scientific Games CorSGU,Star Gas Partners LSGY,Stone Energy CorpSHAW,Shaw Group IncSHBI,Shore Bancshares IncSHEN,Shenandoah TelecommuSHFL,Shuffle Master IncSHLD,Sears Hldgs CorpSHLM,Schulman A IncSHLO,Shiloh Inds IncSHO,Sunstone Hotel InvsSHOO,Madden Steven LtdSHOR,Shoretel IncSHS,Sauer-Danfoss IncSHW,Sherwin Williams CoSIAL,Sigma Aldrich CorpSIF,Sifco Inds IncSIG,Signet Jewelers LimitedSIGA,Siga PharmaceuticalsSIGI,Selective Ins GroupSIGM,Sigma Designs IncSII,Smith Intl IncSIMG,Silicon Image IncSIRI,Sirius Xm Radio IncSIRO,Sirona Dental SystemSIVB,Svb Finl GroupSIXF.Q,Six Flags IncSJI,South Jersey Inds InSJM,Smucker J M CoSJW,Sjw CorpSKH,Skilled Healthcare GrouSKS,Saks IncSKT,Tanger Factory OutleSKX,Skechers U S A IncSKY,Skyline CorpSKYT,Skyterra CommunicatiSKYW,Skywest IncSLAB,Silicon LaboratoriesSLB,Schlumberger LtdSLE,Sara Lee CorpSLG,Sl Green Rlty CorpSLGN,Silgan Holdings IncSLH,Solera Holdings IncSLI,Sl Inds IncSLM,Slm CorpSLP,Simulations Plus IncSLRY,Salary Com IncSLTC,Selectica IncSLTM,Solta Med IncSLXP,Salix PharmaceuticalSM,St Mary Ld & Expl CoSMA,Symmetry Med IncSMBL,Smart Balance IncSMCI,Super Micro Computer InSMG,Scotts CoSMHG,Sanders Morris HarriSMID,Smith Midland CorpSMMF,Summit Financial GroSMMX,Symyx TechnologiesSMOD,Smart Modular TechnoSMP,Standard Mtr ProdsSMRT,Stein Mart IncSMSC,Standard MicrosystemSMSI,Smith Micro SoftwareSMTB,Smithtown Bancorp InSMTC,Semtech CorpSMTS,Somanetics CorpSNA,Snap On Tools CorpSNAK,Inventure Group IncSNBC,Sun Bancorp IncSNCR,Synchronoss TechnoloSNDK,Sandisk CorpSNFC.A,Security Natl Finl CSNGX,Soligenix IncSNH,Senior Hsg Pptys TrSNHY,Sun Hydraulics CorpSNI,Scripps Networks InteraSNIC,Sonic SolutionsSNMX,Senomyx IncSNPS,Synopsys IncSNS,Steak N Shake CoSNSS,Sunesis PharmaceuticSNST.A,Sonesta Intl HotelsSNT,Senesco TechnologiesSNTA,Synta PharmaceuticalSNTS,Santarus IncSNV,Synovus Finl CorpSNWL,Sonicwall IncSNX,Synnex CorpSO,Southern CoSOA,Solutia IncSOFO,Sonic Fdry IncSOLR,Gt Solar Intl IncSOMX,Somaxon PharmaceuticSON,Sonoco Prods CoSONA,Southern Natl BancorSONC,Sonic CorpSONE,S1 CorporationSONO,Sonosite IncSONS,Sonus Networks IncSPA,Sparton CorpSPAN,Span Amer Med Sys InSPAR,Spartan Mtrs IncSPCH.A,Sport Chalet IncSPCH.B,Sport Chalet IncSPDE,Speedus CorpSPEC,Spectrum Ctl IncSPEX,Spherix IncSPF,Standard Pac Corp NeSPG,Simon Ppty Group IncSPH,Suburban Propane ParSPHC,Samaritan PharmaceuticaSPIR,Spire CorpSPLS,Staples IncSPN,Superior Energy SvcsSPNC,Spectranetics CorpSPPI,Spectrum PharmaceutiSPPR,Supertel HospitalitySPR,Spirit Aerosystems HSPRO,Smartpros LtdSPRT,Support Com IncSPSN,Spansion IncSPTN,Spartan Stores IncSPW,Spx CorpSPWR.A,Sunpower CorpSQNM,Sequenom IncSR,Standard Register CoSRCE,1st Source CorpSRCL,Stericycle IncSRDX,Surmodics IncSRE,Sempra EnergySRI,Stoneridge IncSRSL,Srs Labs IncSRT,Startek IncSRX,Sra Intl IncSRZ,Sunrise Senior LivinSSD,Simpson ManufacturinSSI,Stage Stores IncSSP,Scripps E W Co OhioSSS,Sovran Self StorageSSTI,Silicon Storage TechSSY,Sunlink Health SysteSSYS,Stratasys IncSTAA,Staar Surgical CoSTAN,Standard Parking CorSTBA,S & T Bancorp IncSTBC,State Bancorp Inc N.STC,Stewart InformationSTE,Steris CorpSTEC,Stec IncSTEI,Stewart EnterprisesSTEL,Stellarone CorpSTEM,Steamcells IncSTFC,State Auto Finl CorpSTI,Suntrust Bks IncSTJ,St Jude Med IncSTKR,Stocker & Yale Inc NSTL,Sterling BancorpSTLD,Steel Dynamics IncSTLY,Stanley Furniture InSTMP,Stamps Com IncSTNR,Steiner Leisure LtdSTON,Stonemor Partners LSTR,Questar CorpSTRA,Strayer Ed IncSTRC,Sri/Surgical ExpressSTRI,Str Hldgs IncSTRL,Sterling ConstructioSTRM,Streamline Health SoSTRN,Sutron CorpSTRS,Stratus Pptys IncSTRT,Strattec Sec CorpSTS,Supreme Inds IncSTSA,Sterling Finl Corp WSTST,Argon St IncSTT,State Str CorpSTU,Student Ln CorpSTWD,Starwood Ppty Tr IncSTX,Seagate TechnologySTXS,Stereotaxis IncSTXX,South Texas Oil CoSTZ,Constellation BrandsSUBK,Suffolk BancorpSUF,Sulphco IncSUG,Southern Un Co NewSUI,Sun Communities IncSUN,Sunoco IncSUNH,Sun Healthcare GroupSUP,Superior Inds IntlSUPG,Supergen IncSUPR,Superior BancorpSUPX,Supertex IncSUR,Cna Surety CorpSURG,Synergetics Usa IncSURW,Surewest CommunicatiSUSQ,Susquehanna Bkshs PaSUSS,Susser Hldgs CorpSVBI,Severn Bancorp AnnaSVLF,Silverleaf Resorts ISVNT,Savient PharmaceuticSVR,Syniverse Hldgs IncSVT,Servotronics IncSVU,Supervalu IncSVVS,Savvis IncSWC,Stillwater Mng CoSWHC,Smith & Wesson HldgSWI,Solarwinds IncSWK,Stanley WksSWKS,Skyworks Solutions ISWM,Schweitzer-Mauduit ISWN,Southwestern EnergySWS,Sws Group IncSWSI,Superior Well Svcs ISWWC,Southwest Wtr CoSWX,Southwest Gas CorpSWY,Safeway IncSXE,Stanley IncSXI,Standex Intl CorpSXL,Sunoco Logistics PrtSXT,Sensient TechnologieSY,Sybase IncSYBT,S Y Bancorp IncSYK,Stryker CorpSYKE,Sykes Enterprises InSYMC,Symantec CorpSYMD,Synthemed IncSYMM,Symmetricom IncSYMS,Syms CorpSYMX,Synthesis Energy SysSYNA,Synaptics IncSYNL,Synalloy CorpSYNM,Syntroleum CorpSYNO,Synovis Life TechnolSYNT,Syntel IncSYPR,Sypris Solutions IncSYX,Systemax IncSYY,Sysco CorpT,At&T IncTA,Travelcenters Of AmeTACT,Transact TechnologieTAL,Tal Intl Group IncTAMB,Tamalpais BancorpTAP,Molson Coors BrewingTASR,Taser Intl IncTAST,Carrols Restaurant GTAXI,Medallion Finl CorpTAYC,Taylor Cap Group IncTAYD,Taylor Devices IncTBAC,Tandy Brands AccessoTBBK,Bancorp Inc DelTBHS,The Bank Holdings InTBI,Trueblue IncTBIO,Transgenomic IncTBL,Timberland CoTBSI,Tbs International PlcTBUS,Dri CorporationTCB,Tcf Bkg & Svgs Fa MiTCBI,Texas Capital BancshTCBK,Trico BancsharesTCHC,21st Centy Hldg CoTCI,Transcontinental RltTCLP,Tc Pipelines LpTCO,Taubman Ctrs IncTDC,Teradata Corp DelTDG,Transdigm Group IncTDS,Telephone & Data SysTDSC,3-D Sys Corp DelTDW,Tidewater Inc.TDY,Teledyne TechnologieTE,Teco Energy IncTEAM,Techteam Global IncTEC,Teton Energy CorpTECD,Tech Data CorpTECH,Techne CorpTECU.A,Tecumseh Prods CoTEG,Integrys Energy GrouTELK,Telik IncTEN,Tenneco Automotive ITER,Teradyne IncTESO,Tesco CorpTESS,Tessco TechnologiesTEX,Terex Corp NewTFCO,Tufco Technologies ITFSL,Tfs Finl CorpTFX,Teleflex IncTG,Tredegar Inds IncTGAL,Tegal CorpTGC,Tengasco IncTGE,Tgc Inds IncTGEN,Targeted Genetics CoTGH,Textainer Group HoldingTGI,Triumph Group Inc NeTGIC,Triad Gty IncTGIS,Thomas Group IncTGLO,Theglobe Com IncTGP,Teekay Lng PartnersTGT,Target CorpTGX,Theragenics CorpTHC,Tenet Healthcare CorTHFF,First Finl Corp IndTHG,Hanover Ins Group InTHLD,Threshold PharmaceuticaTHMD,Thermadyne Hldgs CorTHO,Thor Inds IncTHOR,Thoratec Corp.THQI,Thq IncTHRX,Theravance IncTHS,Treehouse Foods IncTIBB,Tib Finl CorpTIBX,Tibco Software IncTIE,Titanium Metals CorpTIER,Tier Technologies InTIF,Tiffany & Co NewTIGR,Tigerlogic CorporationTIII,Tii Inds IncTIN,Temple Inland IncTIS,Orchids Paper ProdsTISI,Team IncTITN,Titan Machy IncTIV,Tri Vy CorpTIVO,Tivo IncTIXC,Tix CorpTJX,Tjx Cos Inc NewTK,Teekay Shipping MarsTKLC,TekelecTKOI,Telkonet IncTKR,Timken CoTLAB,Tellabs IncTLB,Talbots IncTLCR,Talecris BiotherapeuticTLEO,Taleo CorpTLF,Tandy Leather FactorTLGD,Tollgrade CommunicatTLP,Transmontaigne PartnTLR,Timberline Res CorpTLX,Trans Lux CorpTMCV,Temecula Valley BankTMH,Team Health Holdings InTMK,Torchmark CorpTMNG.D,Management Network GrouTMO,Thermo Fisher ScientifiTMP,Tompkins Cnty TrustcTMR,Meridian Resource CoTMRK,Terremark WorldwideTNB,Thomas & Betts CorpTNC,Tennant CoTNDM,Neutral Tandem IncTNH,Terra Nitrogen Co LTNL,Technitrol IncTNS,Tns IncTO,Tech Ops Sevcon IncTOD,Todd Shipyards CorpTOF,Tofu Time Inc DelTOL,Toll Brothers IncTOMO,Tomotherapy IncTONE,Tierone CorpTOO,Teekay Offshore PartTORM,Tor Minerals Intl InTOWN,Townebank PortsmouthTPC,Tutor Perini CorpTPGI,Thomas Pptys Group ITPUT,Barzel Inds IncTPX,Tempur Pedic Intl InTQNT,Triquint SemiconductTR,Tootsie Roll Inds InTRA,Terra Inds IncTRAC,Track Data CorpTRAD,Tradestation Group ITRAK,Dealertrack Hldgs InTRBN,Trubion PharmaceuticTRBR,Trailer BridgeTRC,Tejon Ranch CoTRCI,Technology Resh CorpTRCR,Transcend Services ITREE,Tree Com IncTREX,Trex IncTRGL,Toreador Res CorpTRGT,Targacept IncTRH,Transatlantic HldgsTRID,Trident MicrosystemsTRK,Speedway MotorsportsTRLG,True Religion AppareTRMA,Trico Marine ServiceTRMB,Trimble Navigation LTRMK,Trustmark CorpTRMS,Trimeris IncTRN,Trinity Inds IncTROW,T.Rowe Price Group ITRR,Trc Cos IncTRS,Trimas CorpTRST,Trustco Bk Corp N YTRT,Trio Tech IntlTRV,Travelers CompaniesTRW,Trw Automotive HldgsTRXI,Trx IncTSBK,Timberland Bancorp ITSCM,Thestreet ComTSCO,Tractor Supply CoTSFG,South Finl Group IncTSH,Teche Hldg CoTSN,Tyson Foods IncTSO,Tesoro Pete CorpTSON,Trans1 IncTSPT,Transcept PharmaceuticaTSRA,Tessera TechnologiesTSRI,Tsr IncTSS,Total Sys Svcs IncTSTF,Teamstaff IncTSTR,Terrestar CorpTSTY,Tasty Baking CoTSYS,Telecommunications STTC,Toro CoTTEC,Teletech Holdings InTTEK,Tetra Tech Inc NewTTES,T-3 Energy Srvcs IncTTGT,Techtarget IncTTI,Tetra Technologies ITTMI,Ttm Technologies InTTWO,Take-Two InteractiveTUC,Mac-Gray CorpTUES,Tuesday Morning CorpTUNE,Microtune Inc DelTUP,Tupperware CorpTUTR,Plato Learning IncTVL,Lin Tv CorpTW,Towers Watson & CoTWC,Time Warner Cable IncTWER,Towerstream CorpTWGP,Tower Group IncTWI,Titan Intl Inc IllTWIN,Twin Disc IncTWLL,Techwell IncTWMC,Trans World Entmt CoTWPG,Thomas Weisel PartneTWTC,Tw Telecom IncTWX,Time Warner IncTXCC,Transwitch CorpTXCO,Txco Res IncTXI,Texas Inds IncTXN,Texas Instrs IncTXRH,Texas Roadhouse IncTXT,Textron IncTYL,Tyler Technologies ITYPE,Monotype Imaging HoldinTZOO,Travelzoo IncUA,Under Armour IncUACL,Universal TruckloadUAHC,United Amern HealthcUAM,Universal Amern FinlUAUA,Ual CorpUBA,Urstadt Biddle PptysUBCP,United Bancorp Inc OUBET,Youbet Com IncUBFO,United Security BancUBNK,United Financial BancorUBP,Urstadt Biddle PptysUBSH,Union First Mkt BankshUBSI,United Bankshs Inc WUCBH,Ucbh Holdings IncUCBI,United Cmnty Bks BlaUCFC,United Cmnty Finl CoUCTT,Ultra Clean Hldgs InUDR,Udr IncUDRL,Union Drilling IncUDW,US Dataworks IncUEC,Uranium Energy CorpUEIC,Universal Electrs InUFCS,United Fire & Cas CoUFI,Unifi IncUFPI,Universal Fst ProdsUFPT,Ufp Technologies IncUFS,Domtar CorpUG,United Guardian IncUGI,Ugi Corp NewUGNE,Unigene Labs IncUHAL,AmercoUHS,Universal Health SvcUHT,Universal Health RltUIL,Uil Hldg CorpUIS,Unisys CorpULBI,Ultralife BatteriesULGX,Urologix IncULTA,Ulta Salon Cosmetcs & FULTI,Ultimate Software GrULU,Uluru IncUMBF,Umb Finl CorpUMH,U M H Properties IncUMPQ,Umpqua Hldgs CorpUNAM,Unico Amern CorpUNB,Union Bancshares IncUNCA,Unica CorpUNDT,Universal Detection TecUNF,Unifirst Corp MassUNFI,United Nat Foods IncUNFY,Unify CorpUNH,Unitedhealth Group IUNM,Unumprovident CorpUNP,Union Pac CorpUNS,Unisource Energy CorUNT,Unit CorpUNTD,United Online IncUNTY,Unity Bancorp IncUPFC,United Panam FinanciUPG,Universal Power GrouUPI,Uroplasty IncUPL,Ultra Pete CorpUPS,United Parcel ServicUQM,Uqm Technologies IncURBN,Urban Outfitters IncURI,United Rentals IncURRE,Uranium Res IncURS,Urs Corp NewUSAK,USA Truck IncUSAP,Universal StainlessUSAT,USA Technologies IncUSB,US Bancorp DelUSBI,United Sec BancshareUSEG,U S Energy Corp WyoUSG,U S G CorpUSHS,U S Home Sys IncUSLM,United States Lime &USM,United States CellulUSMO,USA Mobility IncUSNA,USANA IncUSPH,U S Physical TherapyUSTR,United Stationers InUSU,USEC IncUTEK,Ultratech IncUTHR,United TherapeuticsUTI,Universal TechnicalUTIW,Uti Worldwide IncUTK,Utek CorpUTL,Unitil CorpUTMD,Utah Med Prods IncUTR,Unitrin IncUTSI,Utstarcom IncUTX,United TechnologiesUUU,Universal Sec InstrsUVE,Universal Ins HldgsUVSP,Univest Corp PaUVV,Universal CorpUWBK,United Westn BancorpUWN,Nevada Gold & CasinoUXG,U S Gold CorpV,Visa IncVAL,Valspar CorpVALU,Value Line IncVAR,Varian Med Sys IncVARI,Varian IncVASC,Vascular Solutions IVCBI,Virginia Comm BancorVCGH,Vcg Hldg CorpVCI,Valassis CommunicatiVCLK,Valueclick IncVCST,Viewcast Com IncVDSI,Vasco Data Sec IntlVECO,Veeco Instrs Inc DelVETS,Pet Drx CorporationVEXP,Velocity Express CorpVFC,V F CorpVG,Vonage Hldgs CorpVGR,Vector Group LtdVGZ,Vista Gold CorpVHC,Virnetx Holding CorpVHI,Valhi Inc NewVIA.B,Viacom Inc New -BVIAP,Via Pharmaceuticals IncVICL,Vical IncVICR,Vicor CorpVIDE,Video Display CorpVIFL,Food Technology ServVII,Vicon Inds IncVION.Q,Vion Pharmaceuticals InVIRC,Virco Mfg CoVIRL,Virage Logic CorpVIST,Vist Financial CorpVITA,Orthovita IncVITC,Vitacost Com IncVIVO,Meridian BioscienceVLCM,Volcom IncVLGE.A,Village Super Mkt InVLNC,Valence Technology IVLO,Valero Energy Corp NVLTR,Volterra SemiconductVLY,Valley Natl BancorpVMC,Vulcan Matls CoVMED,Virgin Media IncVMI,Valmont Inds IncVMW,Vmware IncVNBC,Vineyard Natl BancorVNDA,Vanda PharmaceuticalVNO,Vornado Rlty TrVOCS,Vocus IncVOL,Volt Information SciVOLC,Volcano CorporationVOXX,Audiovox CorpVPFG,Viewpoint Finl GroupVPHM,Viropharma IncVPS,Vermont Pure Hldgs LVQ,Venoco IncVR,Validus Holdings LtdVRAD,Virtual Radiologic CorpVRAZ,Veraz Networks IncVRMQ,Vermillion IncVRNM,Verenium CorpVRS,Verso Paper CorpVRSK,Verisk Analytics IncVRSN,Verisign IncVRTB,Vestin Rlty Mtg Ii IncVRTS,Virtus Invt Partners InVRTU,Virtusa CorpVRTX,Vertex PharmaceuticaVRUS,Pharmasset IncVRX,Valeant PharmaceuticVSAT,Viasat IncVSCI,Vision-Sciences IncVSCP,Virtualscopics IncVSEA,Varian SemiconductorVSEC,Vse CorpVSH,Vishay IntertechnoloVSI,Vitamin Shoppe IncVSNT,Versant CorpVSR,Versar IncVSUQ,Verasun Energy CorpVTAL,Vital Images IncVTIV,Inventiv Health IncVTR,Ventas IncVTRO,Vertro IncVVC,Vectren CorpVVI,Viad CorpVVTV,Valuevision Intl IncVVUS,Vivus IncVZ,Verizon CommunicatioWAB,Wabtec CorpWABC,Westamerica BancorpWAC,Walter Invt Mgmt CorpWAG,Walgreen CoWAIN,Wainwright Bk&Tr CoWAL,Western Alliance BanWASH,Washington Tr BancorWAT,Waters CorpWAVE,Nextwave Wireless InWAVX,Wave Systems CorpWBC,Wabco Hldgs IncWBCO,Washington Bkg Co OaWBMD,Webmd Health CorpWBS,Webster Finl Corp CoWBSN,Websense IncWCAA,Wca Waste CorpWCBO,West Coast Bancorp OWCC,Wesco Intl IncWCG,Wellcare Group IncWCN,Waste Connections InWDC,Western Digital CorpWDFC,Wd 40 CoWDR,Waddell & Reed FinlWEBM,Webmediabrands IncWEC,Wisconsin Energy CorWEDC,White Electr DesignsWEL,Boots & Coots/Intl WWEN,Wendys Arbys Group IncWERN,Werner Enterprises IWES,Western Gas Partners LpWEST,Western Sizzlin CorpWEX,Winland Electrs IncWEYS,Weyenberg Shoe MfgWFC,Wells Fargo & Co NewWFD,Westfield FinancialWFMI,Whole Foods Mkt IncWFR,Memc Electr Matls InWFSL,Washington Fed IncWGA,Wells Gardner ElectrWGAT,Worldgate CommunicatWGL,Wgl Hldgs IncWGNR,Wegener CorpWGO,Winnebago Inds IncWGOV,Woodward Governor CoWHG,Westwood Hldgs GroupWHI,W Hldg Co IncWHLM,Wilhelmina Intl IncWHR,Whirlpool CorpWIBC,Wilshire Bancorp IncWIN,Windstream CorpWINA,Winmark CorpWINN,Winn Dixie Stores InWIRE,Encore Wire CorpWITM,Wits Basin PreciousWL,Wilmington Trust CorWLB,Westmoreland Coal CoWLDN,Willdan Group IncWLFC,Willis Lease FinanceWLK,Westlake Chem CorpWLL,Whiting Pete Corp NeWLP,Wellpoint IncWLSE,Wilshire Oil Co TexWLT,Walter Inds IncWM,Waste Mgmt Inc DelWMAR,West Marine IncWMB,Williams CosWMCO,Williams Ctls IncWMG,Warner Music Group CWMGI,Wright Med Group IncWMK,Weis Mkts IncWMS,Wms Industries IncWMT,Wal Mart Stores IncWMZ,Williams Pipeline PartnWNC,Wabash Natl CorpWNEA,Wind Energy Amer IncWNI,Schiff Nutrition IntWNR,Western Refng IncWOLF,Great Wolf Resorts IWOOF,Vca Antech IncWOR,Worthington Inds IncWPC,W P Carey & Co LlcWPCS,Wpcs Intl IncWPI,Watson PharmaceuticaWPO,Washington Post CoWPP,Wausau-Mosinee PaperWPZ,Williams Partners LWR,Westar Energy IncWRB,Berkley W R CorpWRC,Warnaco Group IncWRE,Washington Real EstaWRES,Warren Res IncWRI,Weingarten Realty InWRLD,World Accep Corp DelWRLS,Telular CorpWSBC,Wesbanco IncWSBF,Waterstone Financial InWSC,Wesco Finl CorpWSCI,Wsi Inds IncWSFS,Wsfs Finl CorpWSM,Williams Sonoma IncWSO,Watsco IncWST,West PharmaceuticalWSTG,Wayside Technology GWSTL,Westell TechnologiesWTBA,West BancorporationWTFC,Wintrust Financial CWTI,W & T Offshore IncWTM,White Mtns Ins GroupWTNY,Whitney Hldg CorpWTR,Aqua America IncWTS,Watts Water TechWTSL.A,Wet Seal IncWTT,Wireless Telecom GroWTW,Weight Watchers IntlWU,Western Un CoWVVI,Willamette Vy VineyaWWE,World Wrestling EntrWWON,Westwood One IncWWVY,Warwick Valley Tel CWWW,Wolverine World WideWWWW,Web Com Group IncWXCO,Whx CorpWXS,Wright Express CorpWY,Weyerhaeuser CoWYN,Wyndham Worldwide CoWYNN,Wynn Resorts LtdWYY,Widepoint CorpWZE,Wizzard Software CorX,United States Stl CoXATA,Xata CorpXCO,Exco Resources IncXCR,Xcorporeal IncXEC,Cimarex Energy CoXEL,Xcel Energy IncXETA,Xeta CorpXIDE,Exide TechnologiesXJT,Expressjet Holdings IncXL,Xl Cap LtdXLNX,Xilinx IncXNN,Xenonics Hldgs IncXNPT,Xenoport IncXOM,Exxon Mobil CorpXOMA,Xoma LtdXPL,Solitario Expl & Rty CoXPO,Express 1 ExpeditedXPRT,Lecg CorpXRAY,Dentsply Intl Inc NeXRIT,X-Rite IncXRM,Xerium TechnologiesXRX,Xerox CorpXTEX,Crosstex Energy L PXTO,Xto Energy CorpXTXI,Crosstex Energy IncXXIA,IxiaY,Alleghany CorpYAVY,Yadkin Valley FinancYDNT,Young Innovations InYHOO,Yahoo IncYORW,York Wtr CoYRCW,Yrc Worldwide IncYSI,U Store It TrYUM,Yum Brands IncZANE,Zanett IncZBB,Zbb Energy CorporationZBRA,Zebra Technologies CZEP,Zep IncZEUS,Olympic Steel IncZGEN,Zymogenetics IncZHNE,Zhone Technologies IZIGO,Zygo CorpZILG,Zilog IncZINC,Horsehead Hldg CorpZION,Zions BancorpZIOP,Ziopharm Oncology InZIPR,Ziprealty IncZIXI,Zix CorpZLC,Zale Corp NewZMH,Zimmer Hldgs IncZN,Zion Oil & Gas IncZNT,Zenith Natl Ins CorpZOLL,Zoll Med CorpZOLT,Zoltek Cos IncZOOM,Zoom Technologies Inc DZQK,Quiksilver IncZRAN,Zoran CorpZTHO,Z Trim HldgsZUMZ,Zumiez IncZZ,Sealy Corp